Function,Family,Algorithm,Runs,Population,MaxIter,Dimension,Optimum,Best,Mean,Std_sample_ddof1,Std_population_ddof0,Worst,BestError,MeanError,WorstError
F1,unimodal,GWO,30,30,500,10,100.0,594947.171501516,10145738.065932522,9124917.245330062,8971546.36854676,40369964.52266919,594847.171501516,10145638.065932522,40369864.52266919
F1,unimodal,SCHO,30,30,500,10,100.0,721101.3188550456,10495924.857032442,7413550.7303670375,7288944.3646297725,35510865.83056153,721001.3188550456,10495824.857032442,35510765.83056153
F2,unimodal,GWO,30,30,500,10,200.0,5726.570662994307,80048591.36953492,218369102.98101956,214698772.62227333,1007239048.1906271,5526.570662994307,80048391.36953492,1007238848.1906271
F2,unimodal,SCHO,30,30,500,10,200.0,1451841.293960168,617110459.188875,717937657.8526831,705870619.3141179,2305305725.4499826,1451641.293960168,617110259.188875,2305305525.4499826
F3,unimodal,GWO,30,30,500,10,300.0,2612.151720826753,11565.371972288134,6847.44828556531,6732.3569242904505,29668.18927681505,2312.151720826753,11265.371972288134,29368.18927681505
F3,unimodal,SCHO,30,30,500,10,300.0,2367.781210831409,14803.38219698929,5081.819902636236,4996.405081529663,22153.73964945612,2067.781210831409,14503.38219698929,21853.73964945612
F4,simple_multimodal,GWO,30,30,500,10,400.0,410.3629104917298,434.16704684737084,6.070526479014252,5.968493557115794,439.48792299924077,10.362910491729792,34.16704684737086,39.487922999240766
F4,simple_multimodal,SCHO,30,30,500,10,400.0,401.77832733601184,459.04075617513837,45.28831935198439,44.5271169147118,571.5969234689154,1.7783273360118415,59.04075617513849,171.5969234689154
F5,simple_multimodal,GWO,30,30,500,10,500.0,520.3369506137678,520.5241654795198,0.0776498279689776,0.0763446958918873,520.6389278028564,20.33695061376784,20.52416547951985,20.638927802856415
F5,simple_multimodal,SCHO,30,30,500,10,500.0,520.2452698288237,520.4866195482815,0.1018496694988032,0.10013778842732111,520.7102750232261,20.245269828823666,20.486619548281514,20.71027502322613
F6,simple_multimodal,GWO,30,30,500,10,600.0,600.777388155634,602.6292216973252,1.1859215292102936,1.1659886553177372,606.5117692484735,0.7773881556339575,2.629221697325079,6.511769248473456
F6,simple_multimodal,SCHO,30,30,500,10,600.0,601.5760334008145,605.7899275577389,1.6907429170824375,1.662325045814531,608.5514239456909,1.576033400814481,5.78992755773894,8.551423945690885
F7,simple_multimodal,GWO,30,30,500,10,700.0,700.313443158519,701.4386084810874,0.8421409370384716,0.8279862997506865,703.8647892230357,0.3134431585190214,1.438608481087446,3.8647892230357
F7,simple_multimodal,SCHO,30,30,500,10,700.0,701.0359807402466,718.8875530242933,29.360253943685365,28.866769151565418,846.0625839638952,1.0359807402466004,18.88755302429344,146.06258396389524
F8,simple_multimodal,GWO,30,30,500,10,800.0,804.0324104056708,812.7521129366746,5.0413379871728425,4.956603582852697,823.8871403121193,4.0324104056708165,12.752112936674564,23.8871403121193
F8,simple_multimodal,SCHO,30,30,500,10,800.0,813.09944526815,831.6380061382962,10.71638423677378,10.536264110513798,853.855229270361,13.09944526815002,31.63800613829618,53.85522927036095
F9,simple_multimodal,GWO,30,30,500,10,900.0,906.0895294634452,918.5275505062567,10.013998984930067,9.845684493616533,951.3925947578922,6.08952946344516,18.52755050625661,51.3925947578922
F9,simple_multimodal,SCHO,30,30,500,10,900.0,909.918503879428,936.3061569703145,14.413641660359723,14.171378328029663,967.0701331276908,9.918503879428044,36.306156970314525,67.07013312769084
F10,simple_multimodal,GWO,30,30,500,10,1000.0,1139.9061284893987,1357.2721420646583,186.88811333405675,183.7469129229417,1813.271078021618,139.90612848939872,357.2721420646578,813.271078021618
F10,simple_multimodal,SCHO,30,30,500,10,1000.0,1185.5987614405803,1568.7547785654535,245.6307699593116,241.50222768974777,2235.068982984062,185.59876144058035,568.7547785654534,1235.0689829840621
F11,simple_multimodal,GWO,30,30,500,10,1100.0,1125.8071333961134,1674.5075105573899,272.2594610190029,267.6833458470649,2218.49085081078,25.807133396113386,574.50751055739,1118.49085081078
F11,simple_multimodal,SCHO,30,30,500,10,1100.0,1383.3248588673569,2003.7949202246614,369.5607785810506,363.3492306719775,2583.427170116018,283.32485886735685,903.7949202246615,1483.4271701160178
F12,simple_multimodal,GWO,30,30,500,10,1200.0,1200.1128610584851,1201.3144932546295,0.6419038023446844,0.6311147347477674,1202.3296844792305,0.11286105848512307,1.3144932546292314,2.3296844792305365
F12,simple_multimodal,SCHO,30,30,500,10,1200.0,1200.3018497614564,1200.9377738098044,0.38389750477773665,0.3774449863252744,1201.6905176417872,0.30184976145642395,0.9377738098042301,1.6905176417872099
F13,simple_multimodal,GWO,30,30,500,10,1300.0,1300.102238021981,1300.230681870809,0.056676379946350164,0.05572376790050132,1300.34350715549,0.10223802198106569,0.2306818708087576,0.3435071554899878
F13,simple_multimodal,SCHO,30,30,500,10,1300.0,1300.1855348634206,1300.5870018692317,0.2101003098643852,0.20656896071677125,1301.0146145633066,0.18553486342057113,0.5870018692314791,1.0146145633066226
F14,simple_multimodal,GWO,30,30,500,10,1400.0,1400.1546066142037,1400.3883158506264,0.22838078644387705,0.22454218051292646,1401.2386306239425,0.15460661420365795,0.3883158506264711,1.2386306239425267
F14,simple_multimodal,SCHO,30,30,500,10,1400.0,1400.226830295567,1401.0941991668392,1.3416016322294853,1.3190520996587378,1405.4039494757105,0.22683029556696965,1.0941991668390074,5.403949475710533
F15,simple_multimodal,GWO,30,30,500,10,1500.0,1500.6984226252757,1502.1822808396757,0.91243530635073,0.89709916694468,1504.0222851348217,0.6984226252757253,2.182280839675665,4.022285134821686
F15,simple_multimodal,SCHO,30,30,500,10,1500.0,1503.0640652646694,1537.253380027974,107.0350339746745,105.23599771320839,1976.6035776286137,3.0640652646693525,37.25338002797358,476.6035776286137
F16,simple_multimodal,GWO,30,30,500,10,1600.0,1601.7985900077792,1602.9203723153335,0.5162005285861078,0.5075242715268152,1603.995373237494,1.7985900077792394,2.9203723153337857,3.99537323749405
F16,simple_multimodal,SCHO,30,30,500,10,1600.0,1602.7248680470439,1603.43457325369,0.2778351630300841,0.2731653319061949,1603.978736283676,2.7248680470438558,3.4345732536896016,3.978736283675971
F17,hybrid,GWO,30,30,500,10,1700.0,3751.5016273840406,133505.71502113764,196130.84272048582,192834.29125557432,613557.5002066307,2051.5016273840406,131805.71502113764,611857.5002066307
F17,hybrid,SCHO,30,30,500,10,1700.0,2735.470314533587,289092.1622991387,274209.61735440604,269600.72411128297,762935.8329643534,1035.470314533587,287392.1622991387,761235.8329643534
F18,hybrid,GWO,30,30,500,10,1800.0,2095.009199614797,11641.913049528583,9955.136813404548,9787.811672746317,37272.367466629854,295.0091996147971,9841.913049528584,35472.367466629854
F18,hybrid,SCHO,30,30,500,10,1800.0,1966.7525900920843,12977.986351513968,10732.255280434942,10551.868394946754,38400.13586835357,166.75259009208435,11177.986351513968,36600.13586835357
F19,hybrid,GWO,30,30,500,10,1900.0,1901.516214931514,1903.0273467161053,1.0641292464096817,1.046243447432586,1905.6713177686006,1.516214931514014,3.0273467161051637,5.671317768600602
F19,hybrid,SCHO,30,30,500,10,1900.0,1901.67959619937,1907.3968963066727,12.977430931423978,12.759307313769707,1955.5553419850196,1.679596199370053,7.396896306672579,55.555341985019595
F20,hybrid,GWO,30,30,500,10,2000.0,2113.014917091181,9330.191419003237,5361.966874938868,5271.843366003676,21131.64263264117,113.0149170911809,7330.191419003236,19131.64263264117
F20,hybrid,SCHO,30,30,500,10,2000.0,2128.0524729115227,13337.749288588953,8260.092650677527,8121.25767627882,33439.0398174324,128.05247291152273,11337.749288588953,31439.0398174324
F21,hybrid,GWO,30,30,500,10,2100.0,2867.525387203684,8632.306132021946,5657.3363452101,5562.248289922041,21033.854793423314,767.5253872036842,6532.306132021945,18933.854793423314
F21,hybrid,SCHO,30,30,500,10,2100.0,2487.166033065017,573062.1203783437,2969010.5346857244,2919107.6438823417,16289926.817176653,387.166033065017,570962.1203783437,16287826.817176653
F22,hybrid,GWO,30,30,500,10,2200.0,2223.0565282411662,2296.060289818022,60.81765433114422,59.79543607777375,2386.948647377405,23.056528241166234,96.06028981802181,186.948647377405
F22,hybrid,SCHO,30,30,500,10,2200.0,2227.915739672633,2357.965381200053,85.81880034502854,84.37636483580305,2553.5168024856016,27.915739672633208,157.96538120005255,353.5168024856016
F23,composition,GWO,30,30,500,10,2300.0,2629.819686104267,2634.3956742733335,3.8155915717215185,3.7514594147859146,2645.968949569279,329.819686104267,334.39567427333355,345.9689495692792
F23,composition,SCHO,30,30,500,10,2300.0,2500.0,2500.0,0.0,0.0,2500.0,200.0,200.0,200.0
F24,composition,GWO,30,30,500,10,2400.0,2515.3271281436755,2543.8757834801004,32.20372626131989,31.6624486146743,2603.3130104257166,115.32712814367551,143.87578348010084,203.31301042571658
F24,composition,SCHO,30,30,500,10,2400.0,2518.3012840727633,2570.406575012411,27.991089486057557,27.520617500265733,2600.0,118.30128407276334,170.40657501241077,200.0
F25,composition,GWO,30,30,500,10,2500.0,2688.685458449153,2699.6760439665063,2.986968132477153,2.9367634118111923,2702.5522149112303,188.68545844915297,199.67604396650594,202.5522149112303
F25,composition,SCHO,30,30,500,10,2500.0,2667.418100451912,2697.7398498122143,6.400587605719195,6.293007042890542,2700.0,167.41810045191187,197.73984981221415,200.0
F26,composition,GWO,30,30,500,10,2600.0,2700.1209823301215,2700.2127678944644,0.06705269909674678,0.0659256827113195,2700.389265523957,100.12098233012148,100.21276789446394,100.38926552395696
F26,composition,SCHO,30,30,500,10,2600.0,2700.241387990237,2700.677049235507,0.6540004794866645,0.6430080919111055,2702.779508291108,100.24138799023694,100.67704923550724,102.77950829110796
F27,composition,GWO,30,30,500,10,2700.0,2704.1197321729783,3054.8216792360713,73.97975529887465,72.73630950869948,3154.3922591855203,4.119732172978274,354.8216792360718,454.3922591855203
F27,composition,SCHO,30,30,500,10,2700.0,2900.0,2900.0,0.0,0.0,2900.0,200.0,200.0,200.0
F28,composition,GWO,30,30,500,10,2800.0,3169.5690940185714,3258.3576218775456,58.097522077494126,57.12102358875192,3399.712428021857,369.5690940185714,458.3576218775455,599.7124280218568
F28,composition,SCHO,30,30,500,10,2800.0,3000.0,3000.0,0.0,0.0,3000.0,200.0,200.0,200.0
F29,composition,GWO,30,30,500,10,2900.0,3278.072771638337,445515.4471642074,963382.4682262253,947190.0130118907,3880920.7822063896,378.07277163833714,442615.4471642074,3878020.7822063896
F29,composition,SCHO,30,30,500,10,2900.0,3100.0,4507.119925037795,1715.8970515759108,1687.0563916340616,11097.245731605552,200.0,1607.119925037795,8197.245731605552
F30,composition,GWO,30,30,500,10,3000.0,3535.98381665175,4459.353032412864,633.1185679821914,622.4771618994228,6017.1436941872835,535.9838166517502,1459.353032412863,3017.1436941872835
F30,composition,SCHO,30,30,500,10,3000.0,3200.0,3749.8766172367177,744.6319288432535,732.1162151400987,5247.88501798966,200.0,749.8766172367182,2247.88501798966
