Function,Family,Algorithm,Run,Seed,Population,MaxIter,Dimension,Optimum,BestScore,Error,Curve0,CurveLast,Status
F2,unimodal,GWO,1,1000,30,500,10,200.0,15385.092237911005,15185.092237911005,13034947070.070822,15385.092237911005,PASS
F2,unimodal,GWO,2,1001,30,500,10,200.0,42971.003959496426,42771.003959496426,20743762299.127213,42971.003959496426,PASS
F2,unimodal,GWO,3,1002,30,500,10,200.0,23055.122275735954,22855.122275735954,20274396013.764877,23055.122275735954,PASS
F2,unimodal,GWO,4,1003,30,500,10,200.0,615951087.012243,615950887.012243,20177175449.74516,615951087.012243,PASS
F2,unimodal,GWO,5,1004,30,500,10,200.0,46561380.90552347,46561180.90552347,20149160913.42692,46561380.90552347,PASS
F2,unimodal,GWO,6,1005,30,500,10,200.0,45600.71617823791,45400.71617823791,22926414727.481857,45600.71617823791,PASS
F2,unimodal,GWO,7,1006,30,500,10,200.0,24555.98967885768,24355.98967885768,24968847482.346905,24555.98967885768,PASS
F2,unimodal,GWO,8,1007,30,500,10,200.0,233844140.32706258,233843940.32706258,12462053235.077023,233844140.32706258,PASS
F2,unimodal,GWO,9,1008,30,500,10,200.0,19125.77032378423,18925.77032378423,22633139684.885166,19125.77032378423,PASS
F2,unimodal,GWO,10,1009,30,500,10,200.0,37238.389587366844,37038.389587366844,20891322517.620224,37238.389587366844,PASS
F2,unimodal,GWO,11,1010,30,500,10,200.0,12777.792668070062,12577.792668070062,21050836744.091934,12777.792668070062,PASS
F2,unimodal,GWO,12,1011,30,500,10,200.0,5726.570662994307,5526.570662994307,15379562921.363218,5726.570662994307,PASS
F2,unimodal,GWO,13,1012,30,500,10,200.0,11686.923434373222,11486.923434373222,14367843590.623028,11686.923434373222,PASS
F2,unimodal,GWO,14,1013,30,500,10,200.0,1007239048.1906271,1007238848.1906271,13264659870.942282,1007239048.1906271,PASS
F2,unimodal,GWO,15,1014,30,500,10,200.0,27311.362530912913,27111.362530912913,20842507675.934605,27311.362530912913,PASS
F2,unimodal,GWO,16,1015,30,500,10,200.0,15861.089429942016,15661.089429942016,22119723827.302834,15861.089429942016,PASS
F2,unimodal,GWO,17,1016,30,500,10,200.0,48794.02251782291,48594.02251782291,19786843448.379555,48794.02251782291,PASS
F2,unimodal,GWO,18,1017,30,500,10,200.0,18726.65933297439,18526.65933297439,16874210231.628681,18726.65933297439,PASS
F2,unimodal,GWO,19,1018,30,500,10,200.0,31830.487683502386,31630.487683502386,24809521605.058525,31830.487683502386,PASS
F2,unimodal,GWO,20,1019,30,500,10,200.0,16528.583019560672,16328.583019560672,21154760582.626175,16528.583019560672,PASS
F2,unimodal,GWO,21,1020,30,500,10,200.0,42679.768215284836,42479.768215284836,6936367067.603782,42679.768215284836,PASS
F2,unimodal,GWO,22,1021,30,500,10,200.0,267759643.17004952,267759443.17004952,19818481630.79061,267759643.17004952,PASS
F2,unimodal,GWO,23,1022,30,500,10,200.0,55006.32364118959,54806.32364118959,9182729555.562437,55006.32364118959,PASS
F2,unimodal,GWO,24,1023,30,500,10,200.0,37149.32399351395,36949.32399351395,17215725580.770897,37149.32399351395,PASS
F2,unimodal,GWO,25,1024,30,500,10,200.0,23066.85797565109,22866.85797565109,16909932888.356749,23066.85797565109,PASS
F2,unimodal,GWO,26,1025,30,500,10,200.0,41845.91067532771,41645.91067532771,27663587277.88911,41845.91067532771,PASS
F2,unimodal,GWO,27,1026,30,500,10,200.0,229407193.6938426,229406993.6938426,20793758726.79468,229407193.6938426,PASS
F2,unimodal,GWO,28,1027,30,500,10,200.0,59814.34346456799,59614.34346456799,14436106646.354523,59814.34346456799,PASS
F2,unimodal,GWO,29,1028,30,500,10,200.0,10101.397184951877,9901.397184951877,26793426045.386665,10101.397184951877,PASS
F2,unimodal,GWO,30,1029,30,500,10,200.0,28408.286028092483,28208.286028092483,18377055869.7101,28408.286028092483,PASS
F2,unimodal,SCHO,1,1000,30,500,10,200.0,3463847.4596960344,3463647.4596960344,25164020473.95309,3463847.4596960344,PASS
F2,unimodal,SCHO,2,1001,30,500,10,200.0,917163437.7309213,917163237.7309213,10955685434.198364,917163437.7309213,PASS
F2,unimodal,SCHO,3,1002,30,500,10,200.0,980813450.1837548,980813250.1837548,19899352558.09857,980813450.1837548,PASS
F2,unimodal,SCHO,4,1003,30,500,10,200.0,1846514.820153798,1846314.820153798,16045569704.51785,1846514.820153798,PASS
F2,unimodal,SCHO,5,1004,30,500,10,200.0,2975079.745906203,2974879.745906203,19561283546.582462,2975079.745906203,PASS
F2,unimodal,SCHO,6,1005,30,500,10,200.0,265143445.96540803,265143245.96540803,20323145947.86015,265143445.96540803,PASS
F2,unimodal,SCHO,7,1006,30,500,10,200.0,616364640.6484612,616364440.6484612,12038518776.833113,616364640.6484612,PASS
F2,unimodal,SCHO,8,1007,30,500,10,200.0,272204344.9876547,272204144.9876547,22866029160.11985,272204344.9876547,PASS
F2,unimodal,SCHO,9,1008,30,500,10,200.0,1610238.1325470791,1610038.1325470791,14255532700.123093,1610238.1325470791,PASS
F2,unimodal,SCHO,10,1009,30,500,10,200.0,2305305725.4499826,2305305525.4499826,18483984019.465218,2305305725.4499826,PASS
F2,unimodal,SCHO,11,1010,30,500,10,200.0,1451841.293960168,1451641.293960168,11450828743.436255,1451841.293960168,PASS
F2,unimodal,SCHO,12,1011,30,500,10,200.0,3250575.8102455856,3250375.8102455856,23005159355.49889,3250575.8102455856,PASS
F2,unimodal,SCHO,13,1012,30,500,10,200.0,2143999.286946257,2143799.286946257,8482641014.762737,2143999.286946257,PASS
F2,unimodal,SCHO,14,1013,30,500,10,200.0,3699948.1200710726,3699748.1200710726,24178532308.830082,3699948.1200710726,PASS
F2,unimodal,SCHO,15,1014,30,500,10,200.0,2625731.076890951,2625531.076890951,15615157107.86236,2625731.076890951,PASS
F2,unimodal,SCHO,16,1015,30,500,10,200.0,2282269942.1114764,2282269742.1114764,23586923532.427013,2282269942.1114764,PASS
F2,unimodal,SCHO,17,1016,30,500,10,200.0,917464321.060494,917464121.060494,16861754719.782495,917464321.060494,PASS
F2,unimodal,SCHO,18,1017,30,500,10,200.0,616781300.1099038,616781100.1099038,31104729325.14759,616781300.1099038,PASS
F2,unimodal,SCHO,19,1018,30,500,10,200.0,1518486627.2734032,1518486427.2734032,11775369219.312841,1518486627.2734032,PASS
F2,unimodal,SCHO,20,1019,30,500,10,200.0,4166701.8723741043,4166501.8723741043,11600542862.945421,4166701.8723741043,PASS
F2,unimodal,SCHO,21,1020,30,500,10,200.0,1011090793.9879354,1011090593.9879354,21435500543.64972,1011090793.9879354,PASS
F2,unimodal,SCHO,22,1021,30,500,10,200.0,856215791.9450941,856215591.9450941,6821688984.2273,856215791.9450941,PASS
F2,unimodal,SCHO,23,1022,30,500,10,200.0,269478892.93610984,269478692.93610984,31726431361.709694,269478892.93610984,PASS
F2,unimodal,SCHO,24,1023,30,500,10,200.0,1891525.6206056376,1891325.6206056376,13244934963.230097,1891525.6206056376,PASS
F2,unimodal,SCHO,25,1024,30,500,10,200.0,893864339.434686,893864139.434686,21511993389.18072,893864339.434686,PASS
F2,unimodal,SCHO,26,1025,30,500,10,200.0,610284593.2011502,610284393.2011502,16873044203.227495,610284593.2011502,PASS
F2,unimodal,SCHO,27,1026,30,500,10,200.0,922765997.1185615,922765797.1185615,24153309797.421314,922765997.1185615,PASS
F2,unimodal,SCHO,28,1027,30,500,10,200.0,929127880.8612851,929127680.8612851,18261753667.10032,929127880.8612851,PASS
F2,unimodal,SCHO,29,1028,30,500,10,200.0,1670343.6145967452,1670143.6145967452,16645069965.361576,1670343.6145967452,PASS
F2,unimodal,SCHO,30,1029,30,500,10,200.0,2297691903.805974,2297691703.805974,21158401990.89523,2297691903.805974,PASS
F7,simple_multimodal,GWO,1,1000,30,500,10,700.0,703.0408787610442,3.040878761044155,1113.5794417130076,703.0408787610442,PASS
F7,simple_multimodal,GWO,2,1001,30,500,10,700.0,700.8063303516346,0.8063303516346423,930.7197967485811,700.8063303516346,PASS
F7,simple_multimodal,GWO,3,1002,30,500,10,700.0,700.7391344646944,0.7391344646944162,1065.2428538594331,700.7391344646944,PASS
F7,simple_multimodal,GWO,4,1003,30,500,10,700.0,700.6409379305768,0.640937930576797,984.4294904417873,700.6409379305768,PASS
F7,simple_multimodal,GWO,5,1004,30,500,10,700.0,701.8878828216529,1.8878828216528518,1062.6197497943165,701.8878828216529,PASS
F7,simple_multimodal,GWO,6,1005,30,500,10,700.0,701.7606210384041,1.7606210384041105,956.9212886311924,701.7606210384041,PASS
F7,simple_multimodal,GWO,7,1006,30,500,10,700.0,703.042402383214,3.042402383214039,1016.1088063490902,703.042402383214,PASS
F7,simple_multimodal,GWO,8,1007,30,500,10,700.0,701.0197352019148,1.0197352019148411,1041.3900033294622,701.0197352019148,PASS
F7,simple_multimodal,GWO,9,1008,30,500,10,700.0,700.9473006680246,0.9473006680245817,1196.538387084022,700.9473006680246,PASS
F7,simple_multimodal,GWO,10,1009,30,500,10,700.0,701.7582119218678,1.758211921867769,1011.5972476648415,701.7582119218678,PASS
F7,simple_multimodal,GWO,11,1010,30,500,10,700.0,701.9163610263676,1.9163610263675537,922.0786230248385,701.9163610263676,PASS
F7,simple_multimodal,GWO,12,1011,30,500,10,700.0,701.5558648789277,1.5558648789276504,919.1145628024988,701.5558648789277,PASS
F7,simple_multimodal,GWO,13,1012,30,500,10,700.0,702.3625264400339,2.3625264400338892,960.8917869905907,702.3625264400339,PASS
F7,simple_multimodal,GWO,14,1013,30,500,10,700.0,701.2326286643103,1.2326286643102549,861.9478817412825,701.2326286643103,PASS
F7,simple_multimodal,GWO,15,1014,30,500,10,700.0,700.7105877902356,0.7105877902356497,1164.538281154472,700.7105877902356,PASS
F7,simple_multimodal,GWO,16,1015,30,500,10,700.0,700.8949919063813,0.8949919063812786,1078.8228511646662,700.8949919063813,PASS
F7,simple_multimodal,GWO,17,1016,30,500,10,700.0,700.9172843973965,0.9172843973965428,947.3716722404779,700.9172843973965,PASS
F7,simple_multimodal,GWO,18,1017,30,500,10,700.0,700.313443158519,0.3134431585190214,995.823944793048,700.313443158519,PASS
F7,simple_multimodal,GWO,19,1018,30,500,10,700.0,700.7586247006512,0.7586247006512394,921.544196349413,700.7586247006512,PASS
F7,simple_multimodal,GWO,20,1019,30,500,10,700.0,701.522966620948,1.5229666209479547,962.4678526239037,701.522966620948,PASS
F7,simple_multimodal,GWO,21,1020,30,500,10,700.0,700.948998835776,0.948998835776024,873.5956217113409,700.948998835776,PASS
F7,simple_multimodal,GWO,22,1021,30,500,10,700.0,701.4637310945693,1.4637310945693116,938.491540416044,701.4637310945693,PASS
F7,simple_multimodal,GWO,23,1022,30,500,10,700.0,701.138989246432,1.1389892464319473,870.8567258263745,701.138989246432,PASS
F7,simple_multimodal,GWO,24,1023,30,500,10,700.0,701.1352182558074,1.1352182558074446,1084.1856588376763,701.1352182558074,PASS
F7,simple_multimodal,GWO,25,1024,30,500,10,700.0,700.9377878235891,0.937787823589133,1084.507446721741,700.9377878235891,PASS
F7,simple_multimodal,GWO,26,1025,30,500,10,700.0,700.788926313987,0.7889263139869627,1090.7007214943228,700.788926313987,PASS
F7,simple_multimodal,GWO,27,1026,30,500,10,700.0,701.5753372716507,1.5753372716507101,971.7239063576617,701.5753372716507,PASS
F7,simple_multimodal,GWO,28,1027,30,500,10,700.0,702.7195809453999,2.719580945399912,940.9381248212626,702.7195809453999,PASS
F7,simple_multimodal,GWO,29,1028,30,500,10,700.0,700.756180295577,0.7561802955769963,989.1753355360913,700.756180295577,PASS
F7,simple_multimodal,GWO,30,1029,30,500,10,700.0,703.8647892230357,3.8647892230357,972.0348869752268,703.8647892230357,PASS
F7,simple_multimodal,SCHO,1,1000,30,500,10,700.0,729.1094339806868,29.109433980686845,1000.2224784111067,729.1094339806868,PASS
F7,simple_multimodal,SCHO,2,1001,30,500,10,700.0,757.4114023789448,57.411402378944786,1080.7227970840327,757.4114023789448,PASS
F7,simple_multimodal,SCHO,3,1002,30,500,10,700.0,703.1711010384695,3.1711010384694873,1042.2792765532915,703.1711010384695,PASS
F7,simple_multimodal,SCHO,4,1003,30,500,10,700.0,701.7129875586494,1.7129875586493881,1069.8888537707528,701.7129875586494,PASS
F7,simple_multimodal,SCHO,5,1004,30,500,10,700.0,701.059144520333,1.0591445203330068,910.6915549359251,701.059144520333,PASS
F7,simple_multimodal,SCHO,6,1005,30,500,10,700.0,701.8481809797466,1.848180979746644,820.4660362049962,701.8481809797466,PASS
F7,simple_multimodal,SCHO,7,1006,30,500,10,700.0,703.9715091490284,3.9715091490284067,1064.6671726384966,703.9715091490284,PASS
F7,simple_multimodal,SCHO,8,1007,30,500,10,700.0,711.0335826074665,11.033582607466542,924.9781120367168,711.0335826074665,PASS
F7,simple_multimodal,SCHO,9,1008,30,500,10,700.0,701.7561961672305,1.7561961672305415,1020.6031730641649,701.7561961672305,PASS
F7,simple_multimodal,SCHO,10,1009,30,500,10,700.0,702.0659362181802,2.0659362181802408,1025.3383498785772,702.0659362181802,PASS
F7,simple_multimodal,SCHO,11,1010,30,500,10,700.0,703.850024724083,3.8500247240830276,945.0928646453923,703.850024724083,PASS
F7,simple_multimodal,SCHO,12,1011,30,500,10,700.0,759.2422127321206,59.242212732120606,1060.0066046869633,759.2422127321206,PASS
F7,simple_multimodal,SCHO,13,1012,30,500,10,700.0,731.3680602166781,31.368060216678145,904.4643116901375,731.3680602166781,PASS
F7,simple_multimodal,SCHO,14,1013,30,500,10,700.0,701.0359807402466,1.0359807402466004,982.4519347695189,701.0359807402466,PASS
F7,simple_multimodal,SCHO,15,1014,30,500,10,700.0,729.526738094358,29.526738094358052,931.1795399177136,729.526738094358,PASS
F7,simple_multimodal,SCHO,16,1015,30,500,10,700.0,711.8523838899339,11.85238388993389,972.1963654647823,711.8523838899339,PASS
F7,simple_multimodal,SCHO,17,1016,30,500,10,700.0,703.2859830278234,3.285983027823363,922.5423233372861,703.2859830278234,PASS
F7,simple_multimodal,SCHO,18,1017,30,500,10,700.0,734.3315568489433,34.33155684894325,1023.5024762091164,734.3315568489433,PASS
F7,simple_multimodal,SCHO,19,1018,30,500,10,700.0,701.4843545859376,1.4843545859375809,891.6721705166689,701.4843545859376,PASS
F7,simple_multimodal,SCHO,20,1019,30,500,10,700.0,701.7261260722813,1.7261260722813176,930.2036007389111,701.7261260722813,PASS
F7,simple_multimodal,SCHO,21,1020,30,500,10,700.0,710.7541386486325,10.754138648632534,836.084135345408,710.7541386486325,PASS
F7,simple_multimodal,SCHO,22,1021,30,500,10,700.0,701.0385011241286,1.0385011241286293,859.3046350258564,701.0385011241286,PASS
F7,simple_multimodal,SCHO,23,1022,30,500,10,700.0,734.7167353490581,34.716735349058126,985.5829320302273,734.7167353490581,PASS
F7,simple_multimodal,SCHO,24,1023,30,500,10,700.0,703.5890448561452,3.589044856145165,970.6281778875586,703.5890448561452,PASS
F7,simple_multimodal,SCHO,25,1024,30,500,10,700.0,730.9630833868839,30.96308338688391,1026.7101489847178,730.9630833868839,PASS
F7,simple_multimodal,SCHO,26,1025,30,500,10,700.0,701.89958232641,1.8995823264100409,909.3009629590488,701.89958232641,PASS
F7,simple_multimodal,SCHO,27,1026,30,500,10,700.0,846.0625839638952,146.06258396389524,1111.9390599059084,846.0625839638952,PASS
F7,simple_multimodal,SCHO,28,1027,30,500,10,700.0,729.2418769144913,29.241876914491286,1017.8653724135635,729.2418769144913,PASS
F7,simple_multimodal,SCHO,29,1028,30,500,10,700.0,713.155237147222,13.15523714722201,942.8013522654408,713.155237147222,PASS
F7,simple_multimodal,SCHO,30,1029,30,500,10,700.0,704.3629114807945,4.362911480794537,1008.9881127041306,704.3629114807945,PASS
F15,simple_multimodal,GWO,1,1000,30,500,10,1500.0,1501.5079128175512,1.507912817551187,632029.5917141397,1501.5079128175512,PASS
F15,simple_multimodal,GWO,2,1001,30,500,10,1500.0,1502.040513425903,2.0405134259031,70486.68593369996,1502.040513425903,PASS
F15,simple_multimodal,GWO,3,1002,30,500,10,1500.0,1502.2604164207823,2.2604164207823487,283046.93258576345,1502.2604164207823,PASS
F15,simple_multimodal,GWO,4,1003,30,500,10,1500.0,1501.333789651814,1.3337896518139587,124948.75737022217,1501.333789651814,PASS
F15,simple_multimodal,GWO,5,1004,30,500,10,1500.0,1500.7545868929956,0.7545868929955759,209245.71594215132,1500.7545868929956,PASS
F15,simple_multimodal,GWO,6,1005,30,500,10,1500.0,1502.9033388454013,2.903338845401322,665964.9092295305,1502.9033388454013,PASS
F15,simple_multimodal,GWO,7,1006,30,500,10,1500.0,1501.9774487385087,1.9774487385086559,750969.171119875,1501.9774487385087,PASS
F15,simple_multimodal,GWO,8,1007,30,500,10,1500.0,1503.094905222269,3.0949052222690625,454603.37532548455,1503.094905222269,PASS
F15,simple_multimodal,GWO,9,1008,30,500,10,1500.0,1501.6237567351327,1.6237567351327016,300313.03533964686,1501.6237567351327,PASS
F15,simple_multimodal,GWO,10,1009,30,500,10,1500.0,1502.4241019011506,2.424101901150607,680374.053455599,1502.4241019011506,PASS
F15,simple_multimodal,GWO,11,1010,30,500,10,1500.0,1502.855147903753,2.85514790375305,21102.9695300118,1502.855147903753,PASS
F15,simple_multimodal,GWO,12,1011,30,500,10,1500.0,1503.077031084357,3.0770310843570314,92528.49034882548,1503.077031084357,PASS
F15,simple_multimodal,GWO,13,1012,30,500,10,1500.0,1502.6374636873752,2.6374636873752024,3560357.3045741143,1502.6374636873752,PASS
F15,simple_multimodal,GWO,14,1013,30,500,10,1500.0,1502.1798145140915,2.179814514091504,198915.13797688019,1502.1798145140915,PASS
F15,simple_multimodal,GWO,15,1014,30,500,10,1500.0,1504.0222851348217,4.022285134821686,201449.77910003683,1504.0222851348217,PASS
F15,simple_multimodal,GWO,16,1015,30,500,10,1500.0,1501.286723612466,1.2867236124659485,111377.46744244796,1501.286723612466,PASS
F15,simple_multimodal,GWO,17,1016,30,500,10,1500.0,1503.0718195099223,3.0718195099223067,1945772.9605014364,1503.0718195099223,PASS
F15,simple_multimodal,GWO,18,1017,30,500,10,1500.0,1501.510528983655,1.5105289836549218,362114.6377986212,1501.510528983655,PASS
F15,simple_multimodal,GWO,19,1018,30,500,10,1500.0,1503.5460003444718,3.5460003444718495,455925.4612932913,1503.5460003444718,PASS
F15,simple_multimodal,GWO,20,1019,30,500,10,1500.0,1502.4102870113468,2.4102870113467816,1095575.8848279559,1502.4102870113468,PASS
F15,simple_multimodal,GWO,21,1020,30,500,10,1500.0,1501.639136815083,1.6391368150830203,283043.6766911327,1501.639136815083,PASS
F15,simple_multimodal,GWO,22,1021,30,500,10,1500.0,1503.8844580797065,3.884458079706519,35732.02783046986,1503.8844580797065,PASS
F15,simple_multimodal,GWO,23,1022,30,500,10,1500.0,1500.6984226252757,0.6984226252757253,642593.248517343,1500.6984226252757,PASS
F15,simple_multimodal,GWO,24,1023,30,500,10,1500.0,1501.9419017010532,1.9419017010532116,732334.5082745655,1501.9419017010532,PASS
F15,simple_multimodal,GWO,25,1024,30,500,10,1500.0,1502.389278092441,2.389278092440918,77855.40520387504,1502.389278092441,PASS
F15,simple_multimodal,GWO,26,1025,30,500,10,1500.0,1503.3269277177235,3.3269277177234926,1562136.7423479927,1503.3269277177235,PASS
F15,simple_multimodal,GWO,27,1026,30,500,10,1500.0,1501.5628584675733,1.5628584675732782,1020663.1272855363,1501.5628584675733,PASS
F15,simple_multimodal,GWO,28,1027,30,500,10,1500.0,1501.053238897753,1.05323889775309,253354.75761105877,1501.053238897753,PASS
F15,simple_multimodal,GWO,29,1028,30,500,10,1500.0,1501.070997776647,1.070997776646891,1154224.933256753,1501.070997776647,PASS
F15,simple_multimodal,GWO,30,1029,30,500,10,1500.0,1501.383332579245,1.3833325792450069,1386512.8989943953,1501.383332579245,PASS
F15,simple_multimodal,SCHO,1,1000,30,500,10,1500.0,1875.1608562032138,375.1608562032138,435822.2667636709,1875.1608562032138,PASS
F15,simple_multimodal,SCHO,2,1001,30,500,10,1500.0,1504.3340236306117,4.334023630611682,859433.4078681683,1504.3340236306117,PASS
F15,simple_multimodal,SCHO,3,1002,30,500,10,1500.0,1505.1566029361968,5.156602936196805,48334.08986486411,1505.1566029361968,PASS
F15,simple_multimodal,SCHO,4,1003,30,500,10,1500.0,1503.278512766194,3.2785127661938986,237527.23556049692,1503.278512766194,PASS
F15,simple_multimodal,SCHO,5,1004,30,500,10,1500.0,1504.1065199911675,4.106519991167488,280323.8447106154,1504.1065199911675,PASS
F15,simple_multimodal,SCHO,6,1005,30,500,10,1500.0,1503.527890966288,3.5278909662879414,394746.1447961847,1503.527890966288,PASS
F15,simple_multimodal,SCHO,7,1006,30,500,10,1500.0,1503.740806333906,3.7408063339059936,82593.18877390769,1503.740806333906,PASS
F15,simple_multimodal,SCHO,8,1007,30,500,10,1500.0,1976.6035776286137,476.6035776286137,16243.708408284076,1976.6035776286137,PASS
F15,simple_multimodal,SCHO,9,1008,30,500,10,1500.0,1506.283911681963,6.283911681962991,782883.9003924723,1506.283911681963,PASS
F15,simple_multimodal,SCHO,10,1009,30,500,10,1500.0,1509.1966602114728,9.196660211472818,872297.4288821486,1509.1966602114728,PASS
F15,simple_multimodal,SCHO,11,1010,30,500,10,1500.0,1504.1626840449164,4.162684044916432,682304.683356828,1504.1626840449164,PASS
F15,simple_multimodal,SCHO,12,1011,30,500,10,1500.0,1504.984806545507,4.984806545506899,293385.28023873875,1504.984806545507,PASS
F15,simple_multimodal,SCHO,13,1012,30,500,10,1500.0,1515.2027734723792,15.20277347237925,111805.81212045086,1515.2027734723792,PASS
F15,simple_multimodal,SCHO,14,1013,30,500,10,1500.0,1538.1802672391343,38.18026723913431,650467.4002868515,1538.1802672391343,PASS
F15,simple_multimodal,SCHO,15,1014,30,500,10,1500.0,1507.7105910618277,7.710591061827699,46398.64003296704,1507.7105910618277,PASS
F15,simple_multimodal,SCHO,16,1015,30,500,10,1500.0,1504.848584195109,4.84858419510897,911732.5253964504,1504.848584195109,PASS
F15,simple_multimodal,SCHO,17,1016,30,500,10,1500.0,1504.9551198948839,4.955119894883865,245874.36378071384,1504.9551198948839,PASS
F15,simple_multimodal,SCHO,18,1017,30,500,10,1500.0,1541.4707952687418,41.47079526874177,2158363.8321546284,1541.4707952687418,PASS
F15,simple_multimodal,SCHO,19,1018,30,500,10,1500.0,1504.2660602379826,4.266060237982629,119808.6207437047,1504.2660602379826,PASS
F15,simple_multimodal,SCHO,20,1019,30,500,10,1500.0,1505.0723780282908,5.072378028290814,966676.3531023648,1505.0723780282908,PASS
F15,simple_multimodal,SCHO,21,1020,30,500,10,1500.0,1504.3241071303785,4.324107130378479,495410.94734792615,1504.3241071303785,PASS
F15,simple_multimodal,SCHO,22,1021,30,500,10,1500.0,1542.5614215547237,42.561421554723665,340611.8418500287,1542.5614215547237,PASS
F15,simple_multimodal,SCHO,23,1022,30,500,10,1500.0,1504.6513177852635,4.651317785263473,52030.88409399259,1504.6513177852635,PASS
F15,simple_multimodal,SCHO,24,1023,30,500,10,1500.0,1504.2921033075993,4.292103307599291,2174279.118153681,1504.2921033075993,PASS
F15,simple_multimodal,SCHO,25,1024,30,500,10,1500.0,1503.0640652646694,3.0640652646693525,804170.1064072571,1503.0640652646694,PASS
F15,simple_multimodal,SCHO,26,1025,30,500,10,1500.0,1507.7229326779184,7.722932677918379,719912.7349810883,1507.7229326779184,PASS
F15,simple_multimodal,SCHO,27,1026,30,500,10,1500.0,1506.1328614716892,6.132861471689239,689780.3405780848,1506.1328614716892,PASS
F15,simple_multimodal,SCHO,28,1027,30,500,10,1500.0,1507.5963971211113,7.596397121111295,84056.14062387223,1507.5963971211113,PASS
F15,simple_multimodal,SCHO,29,1028,30,500,10,1500.0,1506.2451406492075,6.245140649207542,481777.8915226792,1506.2451406492075,PASS
F15,simple_multimodal,SCHO,30,1029,30,500,10,1500.0,1508.7676315382469,8.76763153824686,2082769.7848503757,1508.7676315382469,PASS
F21,hybrid,GWO,1,1000,30,500,10,2100.0,6664.231801915964,4564.231801915964,5100469.601982614,6664.231801915964,PASS
F21,hybrid,GWO,2,1001,30,500,10,2100.0,21033.854793423314,18933.854793423314,1187147.804821417,21033.854793423314,PASS
F21,hybrid,GWO,3,1002,30,500,10,2100.0,2946.4949174052776,846.4949174052776,33843321.96040909,2946.4949174052776,PASS
F21,hybrid,GWO,4,1003,30,500,10,2100.0,15020.23767786126,12920.23767786126,11879121.921444938,15020.23767786126,PASS
F21,hybrid,GWO,5,1004,30,500,10,2100.0,3918.108143859522,1818.108143859522,9556145.199906962,3918.108143859522,PASS
F21,hybrid,GWO,6,1005,30,500,10,2100.0,3123.0747722661995,1023.0747722661995,3084649.5787443025,3123.0747722661995,PASS
F21,hybrid,GWO,7,1006,30,500,10,2100.0,7241.447883369972,5141.447883369972,16465976.04003635,7241.447883369972,PASS
F21,hybrid,GWO,8,1007,30,500,10,2100.0,5478.600495793311,3378.600495793311,25209522.85769235,5478.600495793311,PASS
F21,hybrid,GWO,9,1008,30,500,10,2100.0,7464.159462240126,5364.159462240126,22733057.08989084,7464.159462240126,PASS
F21,hybrid,GWO,10,1009,30,500,10,2100.0,12057.153526894697,9957.153526894697,64922373.43537702,12057.153526894697,PASS
F21,hybrid,GWO,11,1010,30,500,10,2100.0,3270.0945769676687,1170.0945769676687,33834880.94112097,3270.0945769676687,PASS
F21,hybrid,GWO,12,1011,30,500,10,2100.0,20119.164346584013,18019.164346584013,6044125.265483934,20119.164346584013,PASS
F21,hybrid,GWO,13,1012,30,500,10,2100.0,3510.3697965988986,1410.3697965988986,257945.20331827516,3510.3697965988986,PASS
F21,hybrid,GWO,14,1013,30,500,10,2100.0,5034.395207817838,2934.395207817838,2158379.421715033,5034.395207817838,PASS
F21,hybrid,GWO,15,1014,30,500,10,2100.0,2867.525387203684,767.5253872036842,3116598.5773469238,2867.525387203684,PASS
F21,hybrid,GWO,16,1015,30,500,10,2100.0,3417.140043277341,1317.1400432773412,11370082.59533797,3417.140043277341,PASS
F21,hybrid,GWO,17,1016,30,500,10,2100.0,13985.981179727025,11885.981179727025,4300120.199377733,13985.981179727025,PASS
F21,hybrid,GWO,18,1017,30,500,10,2100.0,8589.848072297715,6489.848072297715,80804308.2825547,8589.848072297715,PASS
F21,hybrid,GWO,19,1018,30,500,10,2100.0,6670.672673822377,4570.672673822377,21238692.861466423,6670.672673822377,PASS
F21,hybrid,GWO,20,1019,30,500,10,2100.0,7719.181897547529,5619.181897547529,32886752.402044635,7719.181897547529,PASS
F21,hybrid,GWO,21,1020,30,500,10,2100.0,17153.02871232674,15053.02871232674,44408734.49248763,17153.02871232674,PASS
F21,hybrid,GWO,22,1021,30,500,10,2100.0,19141.830019309178,17041.830019309178,11078065.876066916,19141.830019309178,PASS
F21,hybrid,GWO,23,1022,30,500,10,2100.0,15745.370396444614,13645.370396444614,105186229.03184858,15745.370396444614,PASS
F21,hybrid,GWO,24,1023,30,500,10,2100.0,11884.558063042257,9784.558063042257,12968253.859945072,11884.558063042257,PASS
F21,hybrid,GWO,25,1024,30,500,10,2100.0,3455.2178445061554,1355.2178445061554,61096251.449146666,3455.2178445061554,PASS
F21,hybrid,GWO,26,1025,30,500,10,2100.0,3137.750299365828,1037.7502993658281,2853540.583667468,3137.750299365828,PASS
F21,hybrid,GWO,27,1026,30,500,10,2100.0,7735.535596732708,5635.535596732708,46651462.975811295,7735.535596732708,PASS
F21,hybrid,GWO,28,1027,30,500,10,2100.0,4093.2290978388346,1993.2290978388346,5506259.664190119,4093.2290978388346,PASS
F21,hybrid,GWO,29,1028,30,500,10,2100.0,9514.578849132493,7414.578849132493,24617396.819166243,9514.578849132493,PASS
F21,hybrid,GWO,30,1029,30,500,10,2100.0,6976.348425085793,4876.348425085793,17887514.76942997,6976.348425085793,PASS
F21,hybrid,SCHO,1,1000,30,500,10,2100.0,22294.104140215168,20194.104140215168,10575783.307658168,22294.104140215168,PASS
F21,hybrid,SCHO,2,1001,30,500,10,2100.0,3187.5262334841245,1087.5262334841245,12335940.048314776,3187.5262334841245,PASS
F21,hybrid,SCHO,3,1002,30,500,10,2100.0,24900.754398768553,22800.754398768553,1942910.7092753772,24900.754398768553,PASS
F21,hybrid,SCHO,4,1003,30,500,10,2100.0,5330.06100986566,3230.06100986566,5737002.576817691,5330.06100986566,PASS
F21,hybrid,SCHO,5,1004,30,500,10,2100.0,3516.192185299683,1416.192185299683,3911292.3968871706,3516.192185299683,PASS
F21,hybrid,SCHO,6,1005,30,500,10,2100.0,7440.306263144306,5340.306263144306,73501985.77490333,7440.306263144306,PASS
F21,hybrid,SCHO,7,1006,30,500,10,2100.0,203934.74206942166,201834.74206942166,22883704.37027695,203934.74206942166,PASS
F21,hybrid,SCHO,8,1007,30,500,10,2100.0,7033.3573176816735,4933.3573176816735,29903060.177209713,7033.3573176816735,PASS
F21,hybrid,SCHO,9,1008,30,500,10,2100.0,4618.5681548052125,2518.5681548052125,1269649.4117539574,4618.5681548052125,PASS
F21,hybrid,SCHO,10,1009,30,500,10,2100.0,14519.291976458315,12419.291976458315,18758598.476307884,14519.291976458315,PASS
F21,hybrid,SCHO,11,1010,30,500,10,2100.0,6188.019311185712,4088.0193111857116,4606625.728791437,6188.019311185712,PASS
F21,hybrid,SCHO,12,1011,30,500,10,2100.0,30346.523815283876,28246.523815283876,11610776.665966833,30346.523815283876,PASS
F21,hybrid,SCHO,13,1012,30,500,10,2100.0,192714.55595316374,190614.55595316374,25811608.896383442,192714.55595316374,PASS
F21,hybrid,SCHO,14,1013,30,500,10,2100.0,14224.372219174058,12124.372219174058,5540847.033824404,14224.372219174058,PASS
F21,hybrid,SCHO,15,1014,30,500,10,2100.0,3274.7769022964508,1174.7769022964508,2479161.416786547,3274.7769022964508,PASS
F21,hybrid,SCHO,16,1015,30,500,10,2100.0,13732.533104946862,11632.533104946862,26817446.526974954,13732.533104946862,PASS
F21,hybrid,SCHO,17,1016,30,500,10,2100.0,2865.024680782639,765.0246807826388,2735619.817033475,2865.024680782639,PASS
F21,hybrid,SCHO,18,1017,30,500,10,2100.0,23355.07297515091,21255.07297515091,253812834.3597181,23355.07297515091,PASS
F21,hybrid,SCHO,19,1018,30,500,10,2100.0,8156.163394084103,6056.163394084103,35432626.68089869,8156.163394084103,PASS
F21,hybrid,SCHO,20,1019,30,500,10,2100.0,6088.714409318354,3988.7144093183542,2331177.472231537,6088.714409318354,PASS
F21,hybrid,SCHO,21,1020,30,500,10,2100.0,4311.93754317055,2211.9375431705503,2881181.291954452,4311.93754317055,PASS
F21,hybrid,SCHO,22,1021,30,500,10,2100.0,11025.640691818158,8925.640691818158,44994895.91555765,11025.640691818158,PASS
F21,hybrid,SCHO,23,1022,30,500,10,2100.0,17532.934093814445,15432.934093814445,3024177.660464042,17532.934093814445,PASS
F21,hybrid,SCHO,24,1023,30,500,10,2100.0,27971.45112500325,25871.45112500325,30359017.069551617,27971.45112500325,PASS
F21,hybrid,SCHO,25,1024,30,500,10,2100.0,204834.4018688817,202734.4018688817,3201518.6071177255,204834.4018688817,PASS
F21,hybrid,SCHO,26,1025,30,500,10,2100.0,13906.939082596678,11806.939082596678,8006698.616077602,13906.939082596678,PASS
F21,hybrid,SCHO,27,1026,30,500,10,2100.0,4366.767971719581,2266.7679717195806,41682191.40036303,4366.767971719581,PASS
F21,hybrid,SCHO,28,1027,30,500,10,2100.0,16289926.817176653,16287826.817176653,24460349.696988523,16289926.817176653,PASS
F21,hybrid,SCHO,29,1028,30,500,10,2100.0,2487.166033065017,387.166033065017,51713628.477846876,2487.166033065017,PASS
F21,hybrid,SCHO,30,1029,30,500,10,2100.0,17778.89524905884,15678.895249058842,6718990.500358395,17778.89524905884,PASS
F23,composition,GWO,1,1000,30,500,10,2300.0,2634.5728737204677,334.57287372046767,3214.5609770685155,2634.5728737204677,PASS
F23,composition,GWO,2,1001,30,500,10,2300.0,2645.968949569279,345.9689495692792,2975.6685700917214,2645.968949569279,PASS
F23,composition,GWO,3,1002,30,500,10,2300.0,2633.6610456304447,333.66104563044473,2799.0802514522506,2633.6610456304447,PASS
F23,composition,GWO,4,1003,30,500,10,2300.0,2635.039002909505,335.03900290950514,3105.204553443349,2635.039002909505,PASS
F23,composition,GWO,5,1004,30,500,10,2300.0,2633.455842833815,333.45584283381504,2700.491674349707,2633.455842833815,PASS
F23,composition,GWO,6,1005,30,500,10,2300.0,2640.059105315321,340.0591053153212,3271.56754754951,2640.059105315321,PASS
F23,composition,GWO,7,1006,30,500,10,2300.0,2634.831235908176,334.83123590817604,2947.5835154795177,2634.831235908176,PASS
F23,composition,GWO,8,1007,30,500,10,2300.0,2636.747255091935,336.74725509193513,2982.7501214259705,2636.747255091935,PASS
F23,composition,GWO,9,1008,30,500,10,2300.0,2637.690395989431,337.6903959894312,3361.943640209615,2637.690395989431,PASS
F23,composition,GWO,10,1009,30,500,10,2300.0,2630.07790951005,330.0779095100502,3446.9051141247273,2630.07790951005,PASS
F23,composition,GWO,11,1010,30,500,10,2300.0,2633.734624132634,333.73462413263405,2831.3042967147762,2633.734624132634,PASS
F23,composition,GWO,12,1011,30,500,10,2300.0,2632.523521498168,332.52352149816807,3095.9508193752754,2632.523521498168,PASS
F23,composition,GWO,13,1012,30,500,10,2300.0,2633.807399390528,333.8073993905282,3002.489441131728,2633.807399390528,PASS
F23,composition,GWO,14,1013,30,500,10,2300.0,2630.006121069817,330.0061210698168,3290.2212395083693,2630.006121069817,PASS
F23,composition,GWO,15,1014,30,500,10,2300.0,2635.4153008777944,335.4153008777944,3150.4240097044476,2635.4153008777944,PASS
F23,composition,GWO,16,1015,30,500,10,2300.0,2630.762457810409,330.76245781040916,3210.189291997013,2630.762457810409,PASS
F23,composition,GWO,17,1016,30,500,10,2300.0,2639.23743333707,339.2374333370699,3224.2054265444976,2639.23743333707,PASS
F23,composition,GWO,18,1017,30,500,10,2300.0,2629.819686104267,329.819686104267,3654.7500935278213,2629.819686104267,PASS
F23,composition,GWO,19,1018,30,500,10,2300.0,2640.9294982933598,340.92949829335976,3060.448123337984,2640.9294982933598,PASS
F23,composition,GWO,20,1019,30,500,10,2300.0,2636.6995403662113,336.6995403662113,3377.9803554901764,2636.6995403662113,PASS
F23,composition,GWO,21,1020,30,500,10,2300.0,2636.1875872059954,336.18758720599544,3046.2160713971307,2636.1875872059954,PASS
F23,composition,GWO,22,1021,30,500,10,2300.0,2632.9760085409266,332.9760085409266,3003.6874945335844,2632.9760085409266,PASS
F23,composition,GWO,23,1022,30,500,10,2300.0,2633.496954375477,333.4969543754769,2926.9257658439033,2633.496954375477,PASS
F23,composition,GWO,24,1023,30,500,10,2300.0,2634.675561752969,334.67556175296886,3112.780823926878,2634.675561752969,PASS
F23,composition,GWO,25,1024,30,500,10,2300.0,2630.6281490680735,330.6281490680735,3087.630160754913,2630.6281490680735,PASS
F23,composition,GWO,26,1025,30,500,10,2300.0,2630.9629875553474,330.96298755534735,3702.8459887872427,2630.9629875553474,PASS
F23,composition,GWO,27,1026,30,500,10,2300.0,2636.9563609154616,336.9563609154616,3507.9113584698925,2636.9563609154616,PASS
F23,composition,GWO,28,1027,30,500,10,2300.0,2630.4925766321703,330.4925766321703,2854.1441552107112,2630.4925766321703,PASS
F23,composition,GWO,29,1028,30,500,10,2300.0,2629.8432981933265,329.8432981933265,3013.5018323844324,2629.8432981933265,PASS
F23,composition,GWO,30,1029,30,500,10,2300.0,2630.611544601577,330.61154460157695,3358.458729873501,2630.611544601577,PASS
F23,composition,SCHO,1,1000,30,500,10,2300.0,2500.0,200.0,3282.0098177831915,2500.0,PASS
F23,composition,SCHO,2,1001,30,500,10,2300.0,2500.0,200.0,2872.6669891174524,2500.0,PASS
F23,composition,SCHO,3,1002,30,500,10,2300.0,2500.0,200.0,2836.1513903432015,2500.0,PASS
F23,composition,SCHO,4,1003,30,500,10,2300.0,2500.0,200.0,3025.717022297851,2500.0,PASS
F23,composition,SCHO,5,1004,30,500,10,2300.0,2500.0,200.0,3343.4091237476523,2500.0,PASS
F23,composition,SCHO,6,1005,30,500,10,2300.0,2500.0,200.0,3185.842426885616,2500.0,PASS
F23,composition,SCHO,7,1006,30,500,10,2300.0,2500.0,200.0,3130.676107612051,2500.0,PASS
F23,composition,SCHO,8,1007,30,500,10,2300.0,2500.0,200.0,3143.6513915978785,2500.0,PASS
F23,composition,SCHO,9,1008,30,500,10,2300.0,2500.0,200.0,3618.8315369017273,2500.0,PASS
F23,composition,SCHO,10,1009,30,500,10,2300.0,2500.0,200.0,3204.4870307020838,2500.0,PASS
F23,composition,SCHO,11,1010,30,500,10,2300.0,2500.0,200.0,2908.1791428562547,2500.0,PASS
F23,composition,SCHO,12,1011,30,500,10,2300.0,2500.0,200.0,2829.9624157282374,2500.0,PASS
F23,composition,SCHO,13,1012,30,500,10,2300.0,2500.0,200.0,2907.649701710897,2500.0,PASS
F23,composition,SCHO,14,1013,30,500,10,2300.0,2500.0,200.0,3023.8911567141768,2500.0,PASS
F23,composition,SCHO,15,1014,30,500,10,2300.0,2500.0,200.0,3017.259933628956,2500.0,PASS
F23,composition,SCHO,16,1015,30,500,10,2300.0,2500.0,200.0,3910.581738603954,2500.0,PASS
F23,composition,SCHO,17,1016,30,500,10,2300.0,2500.0,200.0,2874.671595453139,2500.0,PASS
F23,composition,SCHO,18,1017,30,500,10,2300.0,2500.0,200.0,3037.172496919085,2500.0,PASS
F23,composition,SCHO,19,1018,30,500,10,2300.0,2500.0,200.0,3093.991681928096,2500.0,PASS
F23,composition,SCHO,20,1019,30,500,10,2300.0,2500.0,200.0,2743.6916446130663,2500.0,PASS
F23,composition,SCHO,21,1020,30,500,10,2300.0,2500.0,200.0,2841.7974483980565,2500.0,PASS
F23,composition,SCHO,22,1021,30,500,10,2300.0,2500.0,200.0,3070.375926326014,2500.0,PASS
F23,composition,SCHO,23,1022,30,500,10,2300.0,2500.0,200.0,3020.315422718378,2500.0,PASS
F23,composition,SCHO,24,1023,30,500,10,2300.0,2500.0,200.0,3208.8287742951634,2500.0,PASS
F23,composition,SCHO,25,1024,30,500,10,2300.0,2500.0,200.0,3425.0014418073133,2500.0,PASS
F23,composition,SCHO,26,1025,30,500,10,2300.0,2500.0,200.0,2874.7546817202683,2500.0,PASS
F23,composition,SCHO,27,1026,30,500,10,2300.0,2500.0,200.0,3495.943024581041,2500.0,PASS
F23,composition,SCHO,28,1027,30,500,10,2300.0,2500.0,200.0,2987.6038496829347,2500.0,PASS
F23,composition,SCHO,29,1028,30,500,10,2300.0,2500.0,200.0,3268.2390867764416,2500.0,PASS
F23,composition,SCHO,30,1029,30,500,10,2300.0,2500.0,200.0,3206.5114041097368,2500.0,PASS
F27,composition,GWO,1,1000,30,500,10,2700.0,3049.7122366188305,349.7122366188305,3335.205785364481,3049.7122366188305,PASS
F27,composition,GWO,2,1001,30,500,10,2700.0,3100.3484599497624,400.3484599497624,3312.2105026553045,3100.3484599497624,PASS
F27,composition,GWO,3,1002,30,500,10,2700.0,3024.0837240475585,324.08372404755846,3351.2871234505124,3024.0837240475585,PASS
F27,composition,GWO,4,1003,30,500,10,2700.0,3055.9499959407117,355.9499959407117,3531.6667977872085,3055.9499959407117,PASS
F27,composition,GWO,5,1004,30,500,10,2700.0,3103.389248136486,403.389248136486,3396.8166004912205,3103.389248136486,PASS
F27,composition,GWO,6,1005,30,500,10,2700.0,3106.6895381205363,406.6895381205363,3397.9523988585383,3106.6895381205363,PASS
F27,composition,GWO,7,1006,30,500,10,2700.0,3044.45705269477,344.45705269477,3343.1311063550424,3044.45705269477,PASS
F27,composition,GWO,8,1007,30,500,10,2700.0,3029.8051643926196,329.80516439261964,3522.2736037990385,3029.8051643926196,PASS
F27,composition,GWO,9,1008,30,500,10,2700.0,3033.9491941157103,333.94919411571027,3547.5433353050457,3033.9491941157103,PASS
F27,composition,GWO,10,1009,30,500,10,2700.0,3077.28724192754,377.28724192754,3589.0017227768626,3077.28724192754,PASS
F27,composition,GWO,11,1010,30,500,10,2700.0,3101.4209502312615,401.4209502312615,3309.82132203734,3101.4209502312615,PASS
F27,composition,GWO,12,1011,30,500,10,2700.0,3029.7554962443787,329.7554962443787,3547.957183503619,3029.7554962443787,PASS
F27,composition,GWO,13,1012,30,500,10,2700.0,3047.839778479989,347.83977847998904,3435.614054039332,3047.839778479989,PASS
F27,composition,GWO,14,1013,30,500,10,2700.0,3072.6039028649225,372.6039028649225,3417.7122451597534,3072.6039028649225,PASS
F27,composition,GWO,15,1014,30,500,10,2700.0,3033.1586580599505,333.15865805995054,3384.4125629631235,3033.1586580599505,PASS
F27,composition,GWO,16,1015,30,500,10,2700.0,3065.2827306905956,365.2827306905956,3450.4210002887276,3065.2827306905956,PASS
F27,composition,GWO,17,1016,30,500,10,2700.0,3058.9717996895274,358.9717996895274,3443.941526322933,3058.9717996895274,PASS
F27,composition,GWO,18,1017,30,500,10,2700.0,3039.8727646568764,339.87276465687637,3446.525684940755,3039.8727646568764,PASS
F27,composition,GWO,19,1018,30,500,10,2700.0,3060.416720812015,360.4167208120148,3382.1307129149895,3060.416720812015,PASS
F27,composition,GWO,20,1019,30,500,10,2700.0,3023.2655114933377,323.2655114933377,3420.647577260571,3023.2655114933377,PASS
F27,composition,GWO,21,1020,30,500,10,2700.0,3154.3922591855203,454.3922591855203,3605.66076430067,3154.3922591855203,PASS
F27,composition,GWO,22,1021,30,500,10,2700.0,3047.6785012285022,347.6785012285022,3372.8718194495714,3047.6785012285022,PASS
F27,composition,GWO,23,1022,30,500,10,2700.0,3100.3601476464264,400.3601476464264,3311.196627451293,3100.3601476464264,PASS
F27,composition,GWO,24,1023,30,500,10,2700.0,3087.896761019233,387.89676101923305,3581.469338926807,3087.896761019233,PASS
F27,composition,GWO,25,1024,30,500,10,2700.0,3102.5292346471165,402.5292346471165,3577.5838380025966,3102.5292346471165,PASS
F27,composition,GWO,26,1025,30,500,10,2700.0,3078.816867500135,378.8168675001348,3389.9599678829773,3078.816867500135,PASS
F27,composition,GWO,27,1026,30,500,10,2700.0,2704.1197321729783,4.119732172978274,3509.8552717025605,2704.1197321729783,PASS
F27,composition,GWO,28,1027,30,500,10,2700.0,3091.761686023695,391.7616860236949,3305.358360927818,3091.761686023695,PASS
F27,composition,GWO,29,1028,30,500,10,2700.0,3101.5766360443267,401.57663604432673,3219.107220575242,3101.5766360443267,PASS
F27,composition,GWO,30,1029,30,500,10,2700.0,3017.258382446841,317.2583824468411,3440.099212117451,3017.258382446841,PASS
F27,composition,SCHO,1,1000,30,500,10,2700.0,2900.0,200.0,3457.43827794969,2900.0,PASS
F27,composition,SCHO,2,1001,30,500,10,2700.0,2900.0,200.0,3426.024361680109,2900.0,PASS
F27,composition,SCHO,3,1002,30,500,10,2700.0,2900.0,200.0,3467.4518127714655,2900.0,PASS
F27,composition,SCHO,4,1003,30,500,10,2700.0,2900.0,200.0,3609.490397170405,2900.0,PASS
F27,composition,SCHO,5,1004,30,500,10,2700.0,2900.0,200.0,3348.1693578397353,2900.0,PASS
F27,composition,SCHO,6,1005,30,500,10,2700.0,2900.0,200.0,3608.212144088672,2900.0,PASS
F27,composition,SCHO,7,1006,30,500,10,2700.0,2900.0,200.0,3377.9482801252925,2900.0,PASS
F27,composition,SCHO,8,1007,30,500,10,2700.0,2900.0,200.0,3494.6780773313867,2900.0,PASS
F27,composition,SCHO,9,1008,30,500,10,2700.0,2900.0,200.0,3463.999678913702,2900.0,PASS
F27,composition,SCHO,10,1009,30,500,10,2700.0,2900.0,200.0,3377.8454114548717,2900.0,PASS
F27,composition,SCHO,11,1010,30,500,10,2700.0,2900.0,200.0,3572.530579176573,2900.0,PASS
F27,composition,SCHO,12,1011,30,500,10,2700.0,2900.0,200.0,3562.6913612600147,2900.0,PASS
F27,composition,SCHO,13,1012,30,500,10,2700.0,2900.0,200.0,3582.804046677053,2900.0,PASS
F27,composition,SCHO,14,1013,30,500,10,2700.0,2900.0,200.0,3413.0662368062394,2900.0,PASS
F27,composition,SCHO,15,1014,30,500,10,2700.0,2900.0,200.0,3401.204880558771,2900.0,PASS
F27,composition,SCHO,16,1015,30,500,10,2700.0,2900.0,200.0,3440.6820600351402,2900.0,PASS
F27,composition,SCHO,17,1016,30,500,10,2700.0,2900.0,200.0,3514.3330891197197,2900.0,PASS
F27,composition,SCHO,18,1017,30,500,10,2700.0,2900.0,200.0,3379.4284822633526,2900.0,PASS
F27,composition,SCHO,19,1018,30,500,10,2700.0,2900.0,200.0,3562.7372054517737,2900.0,PASS
F27,composition,SCHO,20,1019,30,500,10,2700.0,2900.0,200.0,3320.1759069583054,2900.0,PASS
F27,composition,SCHO,21,1020,30,500,10,2700.0,2900.0,200.0,3372.0654855834114,2900.0,PASS
F27,composition,SCHO,22,1021,30,500,10,2700.0,2900.0,200.0,3442.4768536302568,2900.0,PASS
F27,composition,SCHO,23,1022,30,500,10,2700.0,2900.0,200.0,3422.473610620591,2900.0,PASS
F27,composition,SCHO,24,1023,30,500,10,2700.0,2900.0,200.0,3495.054641971258,2900.0,PASS
F27,composition,SCHO,25,1024,30,500,10,2700.0,2900.0,200.0,3355.559795779336,2900.0,PASS
F27,composition,SCHO,26,1025,30,500,10,2700.0,2900.0,200.0,3609.5578105337713,2900.0,PASS
F27,composition,SCHO,27,1026,30,500,10,2700.0,2900.0,200.0,3418.57571065763,2900.0,PASS
F27,composition,SCHO,28,1027,30,500,10,2700.0,2900.0,200.0,3934.5300384287566,2900.0,PASS
F27,composition,SCHO,29,1028,30,500,10,2700.0,2900.0,200.0,3332.7043089919916,2900.0,PASS
F27,composition,SCHO,30,1029,30,500,10,2700.0,2900.0,200.0,3539.3334069649322,2900.0,PASS
F28,composition,GWO,1,1000,30,500,10,2800.0,3265.035841266876,465.0358412668761,4741.90861852663,3265.035841266876,PASS
F28,composition,GWO,2,1001,30,500,10,2800.0,3269.2130355003774,469.2130355003774,4811.566155300547,3269.2130355003774,PASS
F28,composition,GWO,3,1002,30,500,10,2800.0,3230.4027349194253,430.40273491942526,4932.061018161811,3230.4027349194253,PASS
F28,composition,GWO,4,1003,30,500,10,2800.0,3371.221723217463,571.221723217463,5372.444889138426,3371.221723217463,PASS
F28,composition,GWO,5,1004,30,500,10,2800.0,3198.4296644834094,398.4296644834094,5375.980494075013,3198.4296644834094,PASS
F28,composition,GWO,6,1005,30,500,10,2800.0,3169.5690940185714,369.5690940185714,5289.34469595101,3169.5690940185714,PASS
F28,composition,GWO,7,1006,30,500,10,2800.0,3184.2124239132336,384.2124239132336,5124.619603331455,3184.2124239132336,PASS
F28,composition,GWO,8,1007,30,500,10,2800.0,3272.1143667924434,472.11436679244343,5271.653764484707,3272.1143667924434,PASS
F28,composition,GWO,9,1008,30,500,10,2800.0,3290.772617975638,490.7726179756378,4743.120125058298,3290.772617975638,PASS
F28,composition,GWO,10,1009,30,500,10,2800.0,3244.6299647070045,444.62996470700455,4363.727140995378,3244.6299647070045,PASS
F28,composition,GWO,11,1010,30,500,10,2800.0,3304.8198322856056,504.81983228560557,5197.964965379285,3304.8198322856056,PASS
F28,composition,GWO,12,1011,30,500,10,2800.0,3334.211621020694,534.2116210206941,5180.810691549728,3334.211621020694,PASS
F28,composition,GWO,13,1012,30,500,10,2800.0,3274.143498959023,474.14349895902296,4475.207662617744,3274.143498959023,PASS
F28,composition,GWO,14,1013,30,500,10,2800.0,3276.598574738526,476.59857473852617,4779.681055954188,3276.598574738526,PASS
F28,composition,GWO,15,1014,30,500,10,2800.0,3230.4215282001137,430.4215282001137,4129.52727770023,3230.4215282001137,PASS
F28,composition,GWO,16,1015,30,500,10,2800.0,3278.612726931654,478.6127269316539,4859.761216247809,3278.612726931654,PASS
F28,composition,GWO,17,1016,30,500,10,2800.0,3291.230270052923,491.23027005292306,4581.118890507961,3291.230270052923,PASS
F28,composition,GWO,18,1017,30,500,10,2800.0,3194.7482360501476,394.7482360501476,4120.225760793739,3194.7482360501476,PASS
F28,composition,GWO,19,1018,30,500,10,2800.0,3272.9260319267405,472.9260319267405,5080.057932498481,3272.9260319267405,PASS
F28,composition,GWO,20,1019,30,500,10,2800.0,3304.1107514303526,504.1107514303526,4643.517133894102,3304.1107514303526,PASS
F28,composition,GWO,21,1020,30,500,10,2800.0,3240.7439280459093,440.74392804590934,4996.522974165829,3240.7439280459093,PASS
F28,composition,GWO,22,1021,30,500,10,2800.0,3304.3793392880957,504.3793392880957,5277.058925064713,3304.3793392880957,PASS
F28,composition,GWO,23,1022,30,500,10,2800.0,3169.8307482704336,369.83074827043356,5048.913610798737,3169.8307482704336,PASS
F28,composition,GWO,24,1023,30,500,10,2800.0,3218.5749876645696,418.57498766456956,5116.090890690213,3218.5749876645696,PASS
F28,composition,GWO,25,1024,30,500,10,2800.0,3291.2441303354944,491.24413033549445,4501.46090560463,3291.2441303354944,PASS
F28,composition,GWO,26,1025,30,500,10,2800.0,3224.7771234754664,424.7771234754664,4955.519765856161,3224.7771234754664,PASS
F28,composition,GWO,27,1026,30,500,10,2800.0,3169.7849716276783,369.78497162767826,4797.342647286114,3169.7849716276783,PASS
F28,composition,GWO,28,1027,30,500,10,2800.0,3399.712428021857,599.7124280218568,5350.409060511029,3399.712428021857,PASS
F28,composition,GWO,29,1028,30,500,10,2800.0,3291.4381337916197,491.43813379161975,4863.936727913452,3291.4381337916197,PASS
F28,composition,GWO,30,1029,30,500,10,2800.0,3182.8183274150224,382.8183274150224,5251.192954292535,3182.8183274150224,PASS
F28,composition,SCHO,1,1000,30,500,10,2800.0,3000.0,200.0,5083.874979882922,3000.0,PASS
F28,composition,SCHO,2,1001,30,500,10,2800.0,3000.0,200.0,4079.4252973732264,3000.0,PASS
F28,composition,SCHO,3,1002,30,500,10,2800.0,3000.0,200.0,4908.602883827316,3000.0,PASS
F28,composition,SCHO,4,1003,30,500,10,2800.0,3000.0,200.0,5317.114756450952,3000.0,PASS
F28,composition,SCHO,5,1004,30,500,10,2800.0,3000.0,200.0,4843.270910764813,3000.0,PASS
F28,composition,SCHO,6,1005,30,500,10,2800.0,3000.0,200.0,4332.283042328724,3000.0,PASS
F28,composition,SCHO,7,1006,30,500,10,2800.0,3000.0,200.0,5362.214564842198,3000.0,PASS
F28,composition,SCHO,8,1007,30,500,10,2800.0,3000.0,200.0,5088.028521883274,3000.0,PASS
F28,composition,SCHO,9,1008,30,500,10,2800.0,3000.0,200.0,5225.547435372311,3000.0,PASS
F28,composition,SCHO,10,1009,30,500,10,2800.0,3000.0,200.0,4644.322888214539,3000.0,PASS
F28,composition,SCHO,11,1010,30,500,10,2800.0,3000.0,200.0,5570.429140628691,3000.0,PASS
F28,composition,SCHO,12,1011,30,500,10,2800.0,3000.0,200.0,4525.097444957557,3000.0,PASS
F28,composition,SCHO,13,1012,30,500,10,2800.0,3000.0,200.0,4962.135109056234,3000.0,PASS
F28,composition,SCHO,14,1013,30,500,10,2800.0,3000.0,200.0,4473.354485487154,3000.0,PASS
F28,composition,SCHO,15,1014,30,500,10,2800.0,3000.0,200.0,5074.229197150338,3000.0,PASS
F28,composition,SCHO,16,1015,30,500,10,2800.0,3000.0,200.0,5156.872027723815,3000.0,PASS
F28,composition,SCHO,17,1016,30,500,10,2800.0,3000.0,200.0,4143.920749715524,3000.0,PASS
F28,composition,SCHO,18,1017,30,500,10,2800.0,3000.0,200.0,5573.480201151737,3000.0,PASS
F28,composition,SCHO,19,1018,30,500,10,2800.0,3000.0,200.0,4197.568882079237,3000.0,PASS
F28,composition,SCHO,20,1019,30,500,10,2800.0,3000.0,200.0,5005.592473803878,3000.0,PASS
F28,composition,SCHO,21,1020,30,500,10,2800.0,3000.0,200.0,4650.104033529955,3000.0,PASS
F28,composition,SCHO,22,1021,30,500,10,2800.0,3000.0,200.0,4509.600290487997,3000.0,PASS
F28,composition,SCHO,23,1022,30,500,10,2800.0,3000.0,200.0,5077.738709697416,3000.0,PASS
F28,composition,SCHO,24,1023,30,500,10,2800.0,3000.0,200.0,5008.773367359725,3000.0,PASS
F28,composition,SCHO,25,1024,30,500,10,2800.0,3000.0,200.0,4932.429808843826,3000.0,PASS
F28,composition,SCHO,26,1025,30,500,10,2800.0,3000.0,200.0,5093.136308829068,3000.0,PASS
F28,composition,SCHO,27,1026,30,500,10,2800.0,3000.0,200.0,5296.375976090393,3000.0,PASS
F28,composition,SCHO,28,1027,30,500,10,2800.0,3000.0,200.0,4753.073951886845,3000.0,PASS
F28,composition,SCHO,29,1028,30,500,10,2800.0,3000.0,200.0,4166.499734397414,3000.0,PASS
F28,composition,SCHO,30,1029,30,500,10,2800.0,3000.0,200.0,4418.262364684315,3000.0,PASS
