Variant,Function,Runs,Population,MaxIter,Dimension,Optimum,Best,Average,STD_sample_ddof1,STD_population_ddof0,Median,Worst
SCHO,F1,30,30,500,30,0.0,0.0,0.0,0.0,0.0,0.0,0.0
SCHO,F2,30,30,500,30,0.0,0.0,0.0,0.0,0.0,0.0,0.0
SCHO,F3,30,30,500,30,0.0,0.0,0.0,0.0,0.0,0.0,0.0
SCHO,F4,30,30,500,30,0.0,0.0,0.0,0.0,0.0,0.0,0.0
SCHO,F5,30,30,500,30,0.0,26.056079496446586,28.28397508632145,0.7170736582065113,0.7050211417046628,28.64996281544036,28.98419468962295
SCHO,F6,30,30,500,30,0.0,9.254089880824617e-06,0.30580962071749707,0.712376753322505,0.7004031820210196,0.03765921359450068,2.7956258237024305
SCHO,F7,30,30,500,30,0.0,4.9591094465339935e-06,0.00011541545651241324,0.0001138745391933453,0.00011196054507703526,7.908190161015627e-05,0.00057313278933524
SCHO,F8,30,30,500,30,-12569.487,-12569.042163397447,-7330.6879735550465,2735.461573464441,2689.4841548589206,-5971.476683462198,-4098.901904184803
SCHO,F9,30,30,500,30,0.0,0.0,0.0,0.0,0.0,0.0,0.0
SCHO,F10,30,30,500,30,0.0,4.440892098500626e-16,4.440892098500626e-16,0.0,0.0,4.440892098500626e-16,4.440892098500626e-16
SCHO,F11,30,30,500,30,0.0,0.0,0.0,0.0,0.0,0.0,0.0
SCHO,F12,30,30,500,30,0.0,2.4508597262262492e-09,0.27797407424104503,0.45750534993647596,0.44981563672962804,1.3293752101512104e-06,1.602113482030724
SCHO,F13,30,30,500,30,0.0,1.427470895374975e-07,1.349836846029414,1.0009939459073949,0.984169319994523,1.7544567025241515,2.914760975937687
SCHO,F14,30,30,500,2,1.0,0.9980038377956877,3.5386512291585395,4.246782794346455,4.175403209944142,0.9980038385337332,12.670505811135914
SCHO,F15,30,30,500,4,0.0003,0.0003077648582130732,0.000327086928171355,1.8054233568453238e-05,1.775077945949008e-05,0.0003211329667508688,0.0003771212160948164
SCHO,F16,30,30,500,2,-1.0316,-1.0316284528078135,-1.0316284300630985,2.4104000853274904e-08,2.3698862741283347e-08,-1.0316284384435512,-1.0316283570820304
SCHO,F17,30,30,500,2,0.397887,0.39788743113709835,0.3978903317325324,2.9792837484746484e-06,2.929208186318329e-06,0.39788944539483406,0.39789845819345615
SCHO,F18,30,30,500,2,3.0,3.0000000138307645,7.581967229943165,15.585037851471096,15.323085785965587,3.000002359612611,84.00012105996721
SCHO,F19,30,30,500,3,-3.8628,-3.8627797611179417,-3.8618902001976454,0.0023684505685034494,0.0023286418414166163,-3.8627731630460733,-3.8549007510179267
SCHO,F20,30,30,500,6,-3.322,-3.3221333126080093,-3.268115527450003,0.07706500785902956,0.07576970539141537,-3.321617941744566,-3.0768526050382383
SCHO,F21,30,30,500,4,-10.1532,-10.1531965737984,-8.796057576788062,2.2798134412463646,2.2414945198813236,-10.146243784186378,-5.05514902826489
SCHO,F22,30,30,500,4,-10.4028,-10.402842392845315,-9.33642620256563,2.1534005958256275,2.1172064114217655,-10.395847233756049,-5.087660083802324
SCHO,F23,30,30,500,4,-10.5363,-10.53626654051532,-9.125356316648064,2.641466483708876,2.597068927028845,-10.531793950747328,-2.869743421841286
SCHO_NT,F1,30,30,500,30,0.0,0.0,0.0,0.0,0.0,0.0,0.0
SCHO_NT,F2,30,30,500,30,0.0,0.0,0.0,0.0,0.0,0.0,0.0
SCHO_NT,F3,30,30,500,30,0.0,0.0,0.0,0.0,0.0,0.0,0.0
SCHO_NT,F4,30,30,500,30,0.0,0.0,0.0,0.0,0.0,0.0,0.0
SCHO_NT,F5,30,30,500,30,0.0,26.056079496446586,28.25460761686448,0.7032638161359751,0.691443414351406,28.64996281544036,28.980294438009395
SCHO_NT,F6,30,30,500,30,0.0,1.0279552726750343,2.2850356893260604,0.6465976325199091,0.6357296714020877,2.290101488683145,3.783883507106924
SCHO_NT,F7,30,30,500,30,0.0,4.9591094465339935e-06,0.0001154154565202693,0.00011387453918578344,0.0001119605450696005,7.908190161015627e-05,0.00057313278933524
SCHO_NT,F8,30,30,500,30,-12569.487,-7068.720786071385,-5468.7912280903665,642.0551765066983,631.263564625014,-5450.770330521203,-4098.901904184803
SCHO_NT,F9,30,30,500,30,0.0,0.0,0.0,0.0,0.0,0.0,0.0
SCHO_NT,F10,30,30,500,30,0.0,4.440892098500626e-16,4.440892098500626e-16,0.0,0.0,4.440892098500626e-16,4.440892098500626e-16
SCHO_NT,F11,30,30,500,30,0.0,0.0,0.0,0.0,0.0,0.0,0.0
SCHO_NT,F12,30,30,500,30,0.0,0.06751342464760095,0.396071293807566,0.39629241394679077,0.3896315628557087,0.26491890765561765,1.602113482030724
SCHO_NT,F13,30,30,500,30,0.0,1.5908675725022805,2.031519195592769,0.32301953643979026,0.3175902499936846,2.0063435440077084,2.9002158752925165
SCHO_NT,F14,30,30,500,2,1.0,0.9980038378230542,6.14269839242738,4.861883434597054,4.780165287995343,2.982105156824108,12.670505811135914
SCHO_NT,F15,30,30,500,4,0.0003,0.0003077648582130732,0.0007653522047186616,0.000511329337730717,0.000502734955256408,0.0006740575217363989,0.0025487954956163812
SCHO_NT,F16,30,30,500,2,-1.0316,-1.0316284528078135,-1.0316284300630985,2.4104000853274904e-08,2.3698862741283347e-08,-1.0316284384435512,-1.0316283570820304
SCHO_NT,F17,30,30,500,2,0.397887,0.39788743113709835,0.39789035274202955,2.959685631071994e-06,2.909939472500226e-06,0.39788944539483406,0.39789845819345615
SCHO_NT,F18,30,30,500,2,3.0,3.0000000138307645,7.581967229943165,15.585037851471096,15.323085785965587,3.000002359612611,84.00012105996721
SCHO_NT,F19,30,30,500,3,-3.8628,-3.8627797611179417,-3.8618902001976454,0.0023684505685034494,0.0023286418414166163,-3.8627731630460733,-3.8549007510179267
SCHO_NT,F20,30,30,500,6,-3.322,-3.3221333126080093,-3.268115527450003,0.07706500785902956,0.07576970539141537,-3.321617941744566,-3.0768526050382383
SCHO_NT,F21,30,30,500,4,-10.1532,-10.140503314806917,-5.796103234466854,3.2540599295721098,3.1993659514147406,-5.063146105726724,-2.6260714046999176
SCHO_NT,F22,30,30,500,4,-10.4028,-10.395708509890003,-5.886024807423391,3.3283085394497287,3.272366596616001,-4.405326084441194,-1.8374286530409
SCHO_NT,F23,30,30,500,4,-10.5363,-10.529461984837505,-5.1330838188507375,3.376005736556727,3.319262103061733,-3.827641159764106,-2.230149087611284
SCHO_NSTF,F1,30,30,500,30,0.0,0.0,0.0,0.0,0.0,0.0,0.0
SCHO_NSTF,F2,30,30,500,30,0.0,0.0,0.0,0.0,0.0,0.0,0.0
SCHO_NSTF,F3,30,30,500,30,0.0,0.0,0.0,0.0,0.0,0.0,0.0
SCHO_NSTF,F4,30,30,500,30,0.0,0.0,0.0,0.0,0.0,0.0,0.0
SCHO_NSTF,F5,30,30,500,30,0.0,27.176759048170275,28.771710155138077,0.42882372715452194,0.4216160923616879,28.990109787925363,28.994913374237818
SCHO_NSTF,F6,30,30,500,30,0.0,2.0351104497439563,3.554917654698884,0.7463594356421914,0.7338146861433928,3.6113514897251786,4.7308524419761575
SCHO_NSTF,F7,30,30,500,30,0.0,4.9591094465339935e-06,0.00011485531679202853,0.00011401812803483542,0.00011210172048880064,7.648843467433775e-05,0.00057313278933524
SCHO_NSTF,F8,30,30,500,30,-12569.487,-7066.771793867693,-5660.913301658583,606.8355446192559,596.6359014839541,-5703.751859330165,-4251.98195859015
SCHO_NSTF,F9,30,30,500,30,0.0,0.0,0.0,0.0,0.0,0.0,0.0
SCHO_NSTF,F10,30,30,500,30,0.0,4.440892098500626e-16,4.440892098500626e-16,0.0,0.0,4.440892098500626e-16,4.440892098500626e-16
SCHO_NSTF,F11,30,30,500,30,0.0,0.0,0.0,0.0,0.0,0.0,0.0
SCHO_NSTF,F12,30,30,500,30,0.0,0.25049213178611424,1.1359064638172656,0.3678377725278337,0.3616551847662315,1.108602783435523,1.6528324964814178
SCHO_NSTF,F13,30,30,500,30,0.0,1.560759309161089,2.509265244030361,0.42656281391577516,0.41939318037121925,2.538156439263724,2.9979286396384097
SCHO_NSTF,F14,30,30,500,2,1.0,0.9980038377949463,7.182197151531825,4.796229415450999,4.715614776334348,7.365715386282205,12.670505812027402
SCHO_NSTF,F15,30,30,500,4,0.0003,0.00030788962915948053,0.008893652240512659,0.010184414268580097,0.01001323545085483,0.0013940731287377217,0.026171652852631615
SCHO_NSTF,F16,30,30,500,2,-1.0316,-1.0316284531448396,-1.0316284235220772,3.3995181895764357e-08,3.342379360657964e-08,-1.0316284350756022,-1.031628299704665
SCHO_NSTF,F17,30,30,500,2,0.397887,0.3978873909919489,0.397889112579139,2.408269141300121e-06,2.367791146837169e-06,0.397888086764409,0.39789550260796425
SCHO_NSTF,F18,30,30,500,2,3.0,3.0000001258761224,8.897108637972,17.372407220744023,17.080413194316478,3.000004047271579,92.03450038773764
SCHO_NSTF,F19,30,30,500,3,-3.8628,-3.8627796592277917,-3.8625164397918734,0.0013978170708773047,0.0013743226737250635,-3.862774384794762,-3.8551156279111636
SCHO_NSTF,F20,30,30,500,6,-3.322,-3.3222515468007576,-3.2781456031288743,0.06693928389598966,0.0658141737841551,-3.3219827288806876,-3.0767613506480807
SCHO_NSTF,F21,30,30,500,4,-10.1532,-10.147050798342175,-6.035080370953485,3.310229717863255,3.2545916424119237,-5.065001947137901,-2.6260152220152726
SCHO_NSTF,F22,30,30,500,4,-10.4028,-10.39998308723708,-5.884649612062054,3.3362770323423088,3.280201155719515,-4.404767391429742,-1.836295807250752
SCHO_NSTF,F23,30,30,500,4,-10.5363,-10.53332235413177,-5.635730350449879,3.583502607535556,3.52327138328481,-3.832515608460264,-2.417851176976773
SCHO_NFTF,F1,30,30,500,30,0.0,1.1924291990293826e-13,3.746839842547809e-12,6.2058748129778035e-12,6.101566967143813e-12,1.2988615930284011e-12,2.8428600482117162e-11
SCHO_NFTF,F2,30,30,500,30,0.0,4.679714335510071e-09,2.5660176424933466e-08,2.2092456910577127e-08,2.172112866774768e-08,1.8670239665696462e-08,1.0187613068638451e-07
SCHO_NFTF,F3,30,30,500,30,0.0,0.000539274830688305,0.2758184837393614,0.7773725026395877,0.7643064879995008,0.012222411837130751,3.3469854681378557
SCHO_NFTF,F4,30,30,500,30,0.0,0.0002358447320039285,0.0070483187340849235,0.015181083261049997,0.014925920831882857,0.0025645726198935057,0.08287521450871446
SCHO_NFTF,F5,30,30,500,30,0.0,26.471646413831472,28.02506389659168,0.7322975469357879,0.7199891485338975,28.019873420032837,28.848978563900616
SCHO_NFTF,F6,30,30,500,30,0.0,1.1390222712324358,2.494023579804056,0.6607860740586875,0.6496796347541072,2.480948471369727,4.050782649712752
SCHO_NFTF,F7,30,30,500,30,0.0,0.0014204707698064422,0.0077699595989360075,0.005528589770749187,0.005435665677552732,0.006458455037850497,0.02267871909501873
SCHO_NFTF,F8,30,30,500,30,-12569.487,-5490.488481249166,-4012.5366689948514,509.8252940101911,501.2561913820369,-3970.8200888061847,-3132.9711588540185
SCHO_NFTF,F9,30,30,500,30,0.0,1.3677947663381929e-13,1.9236479217616924,3.8109752844028386,3.7469207176540293,2.103435647882179e-09,14.012253360804703
SCHO_NFTF,F10,30,30,500,30,0.0,5.05989956600672e-08,4.026393509271031e-07,2.693542260732008e-07,2.648269418570862e-07,3.31938136088894e-07,1.0349265626707904e-06
SCHO_NFTF,F11,30,30,500,30,0.0,3.68594044175552e-14,0.019059620520163852,0.03479480908722534,0.034209980728376777,0.005342887293621312,0.14470676781276137
SCHO_NFTF,F12,30,30,500,30,0.0,0.09123291798928629,0.25012812684142605,0.13283734331586103,0.1306046239096281,0.2253294919165597,0.6857594817937903
SCHO_NFTF,F13,30,30,500,30,0.0,1.2558609325053978,1.7704999413992921,0.2541190741743949,0.24984786116877186,1.7903244937617258,2.1783240670290973
SCHO_NFTF,F14,30,30,500,2,1.0,0.9980038379615147,5.10516249176056,4.584669621822433,4.507610862739382,2.982105156835631,12.670505811135966
SCHO_NFTF,F15,30,30,500,4,0.0003,0.0003101093407002826,0.0005545787591681351,0.00014781123929285563,0.00014532683984469914,0.0005692874523134126,0.0008432958556705151
SCHO_NFTF,F16,30,30,500,2,-1.0316,-1.031628436900496,-1.031626463934001,2.790083331215518e-06,2.7431878344891234e-06,-1.0316275026927029,-1.0316148371993183
SCHO_NFTF,F17,30,30,500,2,0.397887,0.3978919897500788,0.3981099915064109,0.0002850141710484902,0.0002802236757339443,0.39802696240417124,0.3991140515765039
SCHO_NFTF,F18,30,30,500,2,3.0,3.0000001134312573,3.000011932737938,1.5763265342939045e-05,1.5498317644059726e-05,3.0000047386465516,3.0000565016206635
SCHO_NFTF,F19,30,30,500,3,-3.8628,-3.862756416194415,-3.859491455672783,0.003511120443439038,0.003452105812793745,-3.8609582019944524,-3.854551843361181
SCHO_NFTF,F20,30,30,500,6,-3.322,-3.3204705252859124,-3.1768619292488895,0.12444189744822015,0.12235028802239452,-3.130953456639177,-2.836531528235208
SCHO_NFTF,F21,30,30,500,4,-10.1532,-9.984268180027358,-6.515525040472598,2.8399682804227147,2.7922343214733214,-8.619039646025133,-2.4078866893938233
SCHO_NFTF,F22,30,30,500,4,-10.4028,-10.240834171491526,-7.04048877080452,2.712587041473753,2.6669940961662473,-8.125663625826942,-2.569049519302508
SCHO_NFTF,F23,30,30,500,4,-10.5363,-10.373340473780386,-6.612276962063126,3.05414329285436,3.002809497483598,-8.678707386512276,-2.2557349746754483
SCHO_NSF,F1,30,30,500,30,0.0,0.0,0.0,0.0,0.0,0.0,0.0
SCHO_NSF,F2,30,30,500,30,0.0,0.0,0.0,0.0,0.0,0.0,0.0
SCHO_NSF,F3,30,30,500,30,0.0,0.0,0.0,0.0,0.0,0.0,0.0
SCHO_NSF,F4,30,30,500,30,0.0,0.0,0.0,0.0,0.0,0.0,0.0
SCHO_NSF,F5,30,30,500,30,0.0,27.176759048170275,28.773717756937064,0.4294037092084543,0.4221863261238014,28.990109787925363,28.99628769706604
SCHO_NSF,F6,30,30,500,30,0.0,0.00029516065446696997,1.264287397791307,1.7806537323100438,1.75072464727515,0.09398095377188478,4.7308524419761575
SCHO_NSF,F7,30,30,500,30,0.0,4.9591094465339935e-06,0.00011485531679202853,0.00011401812803483542,0.00011210172048880064,7.648843467433775e-05,0.00057313278933524
SCHO_NSF,F8,30,30,500,30,-12569.487,-12563.578948952825,-7261.982202825205,2002.1713187889545,1968.5189839373486,-6299.96635817885,-4959.839118475585
SCHO_NSF,F9,30,30,500,30,0.0,0.0,0.0,0.0,0.0,0.0,0.0
SCHO_NSF,F10,30,30,500,30,0.0,4.440892098500626e-16,4.440892098500626e-16,0.0,0.0,4.440892098500626e-16,4.440892098500626e-16
SCHO_NSF,F11,30,30,500,30,0.0,0.0,0.0,0.0,0.0,0.0,0.0
SCHO_NSF,F12,30,30,500,30,0.0,1.424699966722095e-06,0.6531862721367879,0.6728390158238653,0.6615299916413465,0.49955950261694176,1.6528324964814178
SCHO_NSF,F13,30,30,500,30,0.0,2.9402942298551105e-05,2.0385096544177754,1.07256864601643,1.0545409982880074,2.538156439263724,2.9979286396384097
SCHO_NSF,F14,30,30,500,2,1.0,0.9980038377945748,4.903655891100574,4.8753560476812,4.793411454479951,2.982105156819009,12.670505811692196
SCHO_NSF,F15,30,30,500,4,0.0003,0.00030788962915948053,0.010779126550844944,0.017655071345445125,0.01735832632309345,0.0005537621730253961,0.0885411862627589
SCHO_NSF,F16,30,30,500,2,-1.0316,-1.0316284531448396,-1.0316284235220772,3.3995181895764357e-08,3.342379360657964e-08,-1.0316284350756022,-1.031628299704665
SCHO_NSF,F17,30,30,500,2,0.397887,0.3978873909919489,0.397889112579139,2.408269141300121e-06,2.367791146837169e-06,0.397888086764409,0.39789550260796425
SCHO_NSF,F18,30,30,500,2,3.0,3.0000001258761224,8.897108637972,17.372407220744023,17.080413194316478,3.000004047271579,92.03450038773764
SCHO_NSF,F19,30,30,500,3,-3.8628,-3.8627796592277917,-3.8625164397918734,0.0013978170708773047,0.0013743226737250635,-3.862774384794762,-3.8551156279111636
SCHO_NSF,F20,30,30,500,6,-3.322,-3.3222515468007576,-3.2781456031288743,0.06693928389598966,0.0658141737841551,-3.3219827288806876,-3.0767613506480807
SCHO_NSF,F21,30,30,500,4,-10.1532,-10.153179590406182,-8.791707984830953,2.276560561239646,2.2382963140207135,-10.134449420007005,-5.054965550225084
SCHO_NSF,F22,30,30,500,4,-10.4028,-10.402821947400746,-9.337115871663707,2.152961640660835,2.1167748341801564,-10.394863621655055,-5.087438659271799
SCHO_NSF,F23,30,30,500,4,-10.5363,-10.536283367854647,-9.66012499112494,2.2934585708840713,2.2549103032751034,-10.529393308719571,-2.869025826362884
SCHO_NFF,F1,30,30,500,30,0.0,1.2438306833355979e-17,1.6429202846007633e-12,3.972150062143138e-12,3.905386482664374e-12,2.5476076832698755e-13,2.149597762228863e-11
SCHO_NFF,F2,30,30,500,30,0.0,1.3839511220528302e-10,1.1745540520771482e-08,1.1647137839572905e-08,1.1451373681450214e-08,8.107239246447612e-09,5.885914803086155e-08
SCHO_NFF,F3,30,30,500,30,0.0,2.1697602237201406e-07,0.13367770713438692,0.5187574943051003,0.5100382599711999,0.005867902541216509,2.848366922682195
SCHO_NFF,F4,30,30,500,30,0.0,6.280230089198192e-07,0.0018523558290975957,0.0032371194453131398,0.003182710201455719,0.0005134147813522588,0.016133430497584138
SCHO_NFF,F5,30,30,500,30,0.0,26.471646413831472,28.02506389659168,0.7322975469357879,0.7199891485338975,28.019873420032837,28.848978563900616
SCHO_NFF,F6,30,30,500,30,0.0,2.5681385126445663e-07,1.352693582944236,1.3530820037364697,1.3303395100027349,1.2292760887280603,3.5864922884570363
SCHO_NFF,F7,30,30,500,30,0.0,9.463518824782967e-06,0.0023505920757088974,0.004234699267951514,0.004163522782491142,0.0004357475457919649,0.015298942402827732
SCHO_NFF,F8,30,30,500,30,-12569.487,-12569.419805727886,-5974.105732795912,3113.474038079458,3061.143016304255,-4343.56494040438,-3264.0425344306154
SCHO_NFF,F9,30,30,500,30,0.0,0.0,0.2601250910609367,0.834218147992581,0.8201966763072741,1.4174394991073314e-09,3.6256144423256185
SCHO_NFF,F10,30,30,500,30,0.0,1.7033916499542556e-09,2.0368053717708298e-07,1.6184577318533653e-07,1.5912548241778904e-07,1.569659677791435e-07,6.309259998893424e-07
SCHO_NFF,F11,30,30,500,30,0.0,0.0,0.013769961410848111,0.035549707466449615,0.03495219083622377,2.4578561408361566e-11,0.14470676781276137
SCHO_NFF,F12,30,30,500,30,0.0,6.167424488157921e-10,0.044507925731124616,0.16944494010072986,0.1665969231455029,3.8671956491645796e-07,0.6857594817937903
SCHO_NFF,F13,30,30,500,30,0.0,2.0498376177677867e-07,1.1316637568357881,0.8511230972350315,0.8368174885194827,1.3646870835754723,2.15171957331537
SCHO_NFF,F14,30,30,500,2,1.0,0.9980038377945962,2.8266211416200515,3.4630724353471645,3.4048653917660183,0.9980038383673728,12.67050581113592
SCHO_NFF,F15,30,30,500,4,0.0003,0.0003101093407002826,0.00042031728345866205,9.427635659962762e-05,9.269176716359521e-05,0.00039380240654917536,0.0007732391547444269
SCHO_NFF,F16,30,30,500,2,-1.0316,-1.031628436900496,-1.031626463934001,2.790083331215518e-06,2.7431878344891234e-06,-1.0316275026927029,-1.0316148371993183
SCHO_NFF,F17,30,30,500,2,0.397887,0.3978919897500788,0.3981099915064109,0.0002850141710484902,0.0002802236757339443,0.39802696240417124,0.3991140515765039
SCHO_NFF,F18,30,30,500,2,3.0,3.0000001134312573,3.000011932737938,1.5763265342939045e-05,1.5498317644059726e-05,3.0000047386465516,3.0000565016206635
SCHO_NFF,F19,30,30,500,3,-3.8628,-3.862756416194415,-3.859491455672783,0.003511120443439038,0.003452105812793745,-3.8609582019944524,-3.854551843361181
SCHO_NFF,F20,30,30,500,6,-3.322,-3.3204705252859124,-3.1768619292488895,0.12444189744822015,0.12235028802239452,-3.130953456639177,-2.836531528235208
SCHO_NFF,F21,30,30,500,4,-10.1532,-10.153194259919797,-7.874931544405743,2.6785472893532187,2.633526481467659,-10.138159905352861,-2.6828230250123157
SCHO_NFF,F22,30,30,500,4,-10.4028,-10.402788272139285,-8.332467490559404,3.023150577421883,2.9723377051249393,-10.396429701423127,-2.7517083970005194
SCHO_NFF,F23,30,30,500,4,-10.5363,-10.536297059227605,-7.58412240239901,3.478714787447964,3.420244828468009,-10.527953757192384,-2.8692832143100206
