Variant,Function,SCHO_Average,Variant_Average,Comparison,SCHO_Credit,Variant_Credit,AbsoluteMeanDifference
V1,F1,0.0,0.0,TIE,1,1,0.0
V1,F2,0.0,0.0,TIE,1,1,0.0
V1,F3,0.0,0.0,TIE,1,1,0.0
V1,F4,0.0,3.4194e-320,TIE,1,1,3.4194e-320
V1,F5,28.283975086321448,28.234617631221973,V1,0,1,0.04935745509947509
V1,F6,0.305809620717497,0.32213913795618065,SCHO,1,0,0.016329517238683644
V1,F7,0.00011541545651241324,0.00011649339951263803,SCHO,1,0,1.0779430002247852e-06
V1,F8,-7330.687973555046,-7021.6364071526705,SCHO,1,0,309.0515664023751
V1,F9,0.0,0.0,TIE,1,1,0.0
V1,F10,4.440892098500626e-16,4.440892098500626e-16,TIE,1,1,0.0
V1,F11,0.0,0.0,TIE,1,1,0.0
V1,F12,0.27797407424104503,0.22647912280330404,V1,0,1,0.05149495143774099
V1,F13,1.349836846029414,1.3497678113430103,V1,0,1,6.903468640362398e-05
V1,F14,3.53865122915854,3.5386512291671566,TIE,1,1,8.616662938720765e-12
V1,F15,0.000327086928171355,0.007046251806695478,SCHO,1,0,0.006719164878524123
V1,F16,-1.0316284300630985,-1.0316284493030368,V1,0,1,1.9239938309212334e-08
V1,F17,0.3978903317325324,0.3978877151897233,V1,0,1,2.6165428090862974e-06
V1,F18,7.5819672299431655,3.0920064457910423,V1,0,1,4.489960784152123
V1,F19,-3.8618902001976454,-3.862385492884796,V1,0,1,0.0004952926871504282
V1,F20,-3.268115527450003,-3.2681155933958337,V1,0,1,6.594583057406567e-08
V1,F21,-8.796057576788064,-8.79481375604857,SCHO,1,0,0.001243820739492918
V1,F22,-9.33642620256563,-9.336559216322572,V1,0,1,0.00013301375694219075
V1,F23,-9.125356316648064,-9.046071936404433,SCHO,1,0,0.0792843802436316
V2,F1,0.0,0.0,TIE,1,1,0.0
V2,F2,0.0,0.0,TIE,1,1,0.0
V2,F3,0.0,0.0,TIE,1,1,0.0
V2,F4,0.0,0.0,TIE,1,1,0.0
V2,F5,28.283975086321448,28.29529600540076,SCHO,1,0,0.01132091907931354
V2,F6,0.305809620717497,0.31653171591261337,SCHO,1,0,0.010722095195116355
V2,F7,0.00011541545651241324,0.00011485532243249342,V2,0,1,5.601340799198231e-07
V2,F8,-7330.687973555046,-6949.4349598373365,SCHO,1,0,381.2530137177091
V2,F9,0.0,0.0,TIE,1,1,0.0
V2,F10,4.440892098500626e-16,4.440892098500626e-16,TIE,1,1,0.0
V2,F11,0.0,0.0,TIE,1,1,0.0
V2,F12,0.27797407424104503,0.22904251642176598,V2,0,1,0.04893155781927905
V2,F13,1.349836846029414,1.3433834070562176,V2,0,1,0.006453438973196279
V2,F14,3.53865122915854,3.5386512292904606,TIE,1,1,1.3192069658884975e-10
V2,F15,0.000327086928171355,0.008951171875683157,SCHO,1,0,0.008624084947511802
V2,F16,-1.0316284300630985,-1.0316284300630985,TIE,1,1,0.0
V2,F17,0.3978903317325324,0.39789035274202955,SCHO,1,0,2.1009497142010503e-08
V2,F18,7.5819672299431655,8.144435524388488,SCHO,1,0,0.5624682944453223
V2,F19,-3.8618902001976454,-3.861890200197645,TIE,1,1,4.440892098500626e-16
V2,F20,-3.268115527450003,-3.268115527450003,TIE,1,1,0.0
V2,F21,-8.796057576788064,-8.790073878223051,SCHO,1,0,0.005983698565012574
V2,F22,-9.33642620256563,-9.333861305909684,SCHO,1,0,0.0025648966559455033
V2,F23,-9.125356316648064,-9.119532439541844,SCHO,1,0,0.00582387710622001
V3,F1,0.0,0.0,TIE,1,1,0.0
V3,F2,0.0,0.0,TIE,1,1,0.0
V3,F3,0.0,0.0,TIE,1,1,0.0
V3,F4,0.0,9.4e-323,TIE,1,1,9.4e-323
V3,F5,28.283975086321448,28.28395310155917,V3,0,1,2.1984762277327263e-05
V3,F6,0.305809620717497,0.3037356300704194,V3,0,1,0.0020739906470775837
V3,F7,0.00011541545651241324,0.00011541545651241326,TIE,1,1,1.3552527156068805e-20
V3,F8,-7330.687973555046,-7350.326871752662,V3,0,1,19.638898197616072
V3,F9,0.0,0.0,TIE,1,1,0.0
V3,F10,4.440892098500626e-16,4.440892098500626e-16,TIE,1,1,0.0
V3,F11,0.0,0.0,TIE,1,1,0.0
V3,F12,0.27797407424104503,0.27797414750903826,SCHO,1,0,7.326799322804334e-08
V3,F13,1.349836846029414,1.354655846628311,SCHO,1,0,0.004819000598897061
V3,F14,3.53865122915854,3.9277346284090364,SCHO,1,0,0.3890833992504965
V3,F15,0.000327086928171355,0.000326629332348291,V3,0,1,4.575958230639953e-07
V3,F16,-1.0316284300630985,-1.0316284300630985,TIE,1,1,0.0
V3,F17,0.3978903317325324,0.39789035274202955,SCHO,1,0,2.1009497142010503e-08
V3,F18,7.5819672299431655,6.654051840375595,V3,0,1,0.9279153895675707
V3,F19,-3.8618902001976454,-3.861890200197645,TIE,1,1,4.440892098500626e-16
V3,F20,-3.268115527450003,-3.268115527450003,TIE,1,1,0.0
V3,F21,-8.796057576788064,-8.794121777653869,SCHO,1,0,0.0019357991341948377
V3,F22,-9.33642620256563,-9.33764993827754,V3,0,1,0.0012237357119104786
V3,F23,-9.125356316648064,-9.125149843967568,SCHO,1,0,0.00020647268049600598
V4,F1,0.0,0.0,TIE,1,1,0.0
V4,F2,0.0,0.0,TIE,1,1,0.0
V4,F3,0.0,0.0,TIE,1,1,0.0
V4,F4,0.0,0.0,TIE,1,1,0.0
V4,F5,28.283975086321448,28.08224776898346,V4,0,1,0.201727317337987
V4,F6,0.305809620717497,0.8116872096733059,SCHO,1,0,0.5058775889558089
V4,F7,0.00011541545651241324,0.00011485531679287589,V4,0,1,5.601397195373532e-07
V4,F8,-7330.687973555046,-7191.5671369742295,SCHO,1,0,139.1208365808161
V4,F9,0.0,0.0,TIE,1,1,0.0
V4,F10,4.440892098500626e-16,4.440892098500626e-16,TIE,1,1,0.0
V4,F11,0.0,0.0,TIE,1,1,0.0
V4,F12,0.27797407424104503,0.17314854382935504,V4,0,1,0.10482553041168999
V4,F13,1.349836846029414,1.0250295212546676,V4,0,1,0.3248073247747463
V4,F14,3.53865122915854,2.8927578521719783,V4,0,1,0.6458933769865616
V4,F15,0.000327086928171355,0.0003287969766299266,SCHO,1,0,1.7100484585715558e-06
V4,F16,-1.0316284300630985,-1.031628408481542,SCHO,1,0,2.158155654186089e-08
V4,F17,0.3978903317325324,0.397892769487829,SCHO,1,0,2.4377552965693106e-06
V4,F18,7.5819672299431655,7.3853777721680025,V4,0,1,0.196589457775163
V4,F19,-3.8618902001976454,-3.861719084679507,SCHO,1,0,0.00017111551813853154
V4,F20,-3.268115527450003,-3.2672438115158946,SCHO,1,0,0.0008717159341085079
V4,F21,-8.796057576788064,-8.796799996906282,V4,0,1,0.0007424201182182344
V4,F22,-9.33642620256563,-9.33829352449104,V4,0,1,0.0018673219254097262
V4,F23,-9.125356316648064,-9.380316218951974,V4,0,1,0.2549599023039093
V5,F1,0.0,0.0,TIE,1,1,0.0
V5,F2,0.0,0.0,TIE,1,1,0.0
V5,F3,0.0,0.0,TIE,1,1,0.0
V5,F4,0.0,0.0,TIE,1,1,0.0
V5,F5,28.283975086321448,28.284007142413234,SCHO,1,0,3.205609178635882e-05
V5,F6,0.305809620717497,0.3103167427967026,SCHO,1,0,0.004507122079205617
V5,F7,0.00011541545651241324,0.00011541545651241324,TIE,1,1,0.0
V5,F8,-7330.687973555046,-7227.163626976374,SCHO,1,0,103.52434657867161
V5,F9,0.0,0.0,TIE,1,1,0.0
V5,F10,4.440892098500626e-16,4.440892098500626e-16,TIE,1,1,0.0
V5,F11,0.0,0.0,TIE,1,1,0.0
V5,F12,0.27797407424104503,0.27797405883395937,V5,0,1,1.5407085662832998e-08
V5,F13,1.349836846029414,1.3497475603877733,V5,0,1,8.928564164056851e-05
V5,F14,3.53865122915854,3.5386512291834813,TIE,1,1,2.4941382292809067e-11
V5,F15,0.000327086928171355,0.00032762288913161687,SCHO,1,0,5.359609602618521e-07
V5,F16,-1.0316284300630985,-1.0316284300630985,TIE,1,1,0.0
V5,F17,0.3978903317325324,0.3978903496283569,SCHO,1,0,1.7895824488967094e-08
V5,F18,7.5819672299431655,7.513364230743815,V5,0,1,0.0686029991993502
V5,F19,-3.8618902001976454,-3.861890200197645,TIE,1,1,4.440892098500626e-16
V5,F20,-3.268115527450003,-3.268115527450003,TIE,1,1,0.0
V5,F21,-8.796057576788064,-8.795566919654778,SCHO,1,0,0.0004906571332856657
V5,F22,-9.33642620256563,-9.337569593983945,V5,0,1,0.0011433914183154315
V5,F23,-9.125356316648064,-9.125268177040002,SCHO,1,0,8.813960806186572e-05
V6,F1,0.0,0.0,TIE,1,1,0.0
V6,F2,0.0,0.0,TIE,1,1,0.0
V6,F3,0.0,0.0,TIE,1,1,0.0
V6,F4,0.0,0.0,TIE,1,1,0.0
V6,F5,28.283975086321448,28.258317715942628,V6,0,1,0.025657370378819877
V6,F6,0.305809620717497,1.0397081139138322,SCHO,1,0,0.7338984931963353
V6,F7,0.00011541545651241324,0.0001148553167920684,V6,0,1,5.601397203448398e-07
V6,F8,-7330.687973555046,-6952.895672437986,SCHO,1,0,377.79230111705965
V6,F9,0.0,0.0,TIE,1,1,0.0
V6,F10,4.440892098500626e-16,4.440892098500626e-16,TIE,1,1,0.0
V6,F11,0.0,0.0,TIE,1,1,0.0
V6,F12,0.27797407424104503,0.11627943847312436,V6,0,1,0.16169463576792067
V6,F13,1.349836846029414,1.2001666930158277,V6,0,1,0.14967015301358622
V6,F14,3.53865122915854,2.962878926731653,V6,0,1,0.5757723024268868
V6,F15,0.000327086928171355,0.00033628326921047926,SCHO,1,0,9.19634103912424e-06
V6,F16,-1.0316284300630985,-1.0316283245361222,SCHO,1,0,1.0552697626842189e-07
V6,F17,0.3978903317325324,0.39789646426766023,SCHO,1,0,6.132535127822969e-06
V6,F18,7.5819672299431655,8.09633959083241,SCHO,1,0,0.5143723608892437
V6,F19,-3.8618902001976454,-3.8608831401953716,SCHO,1,0,0.0010070600022737963
V6,F20,-3.268115527450003,-3.244581866046952,SCHO,1,0,0.02353366140305102
V6,F21,-8.796057576788064,-8.966732782480781,V6,0,1,0.1706752056927172
V6,F22,-9.33642620256563,-9.339724364942521,V6,0,1,0.0032981623768915114
V6,F23,-9.125356316648064,-9.305305606020603,V6,0,1,0.17994928937253896
V7,F1,0.0,0.0,TIE,1,1,0.0
V7,F2,0.0,0.0,TIE,1,1,0.0
V7,F3,0.0,0.0,TIE,1,1,0.0
V7,F4,0.0,2.428939904582058e-291,TIE,1,1,2.428939904582058e-291
V7,F5,28.283975086321448,28.404814726183417,SCHO,1,0,0.12083963986196977
V7,F6,0.305809620717497,0.8558658286365579,SCHO,1,0,0.550056207919061
V7,F7,0.00011541545651241324,0.00011541545651241335,TIE,1,1,1.0842021724855044e-19
V7,F8,-7330.687973555046,-7276.891859280743,SCHO,1,0,53.796114274302454
V7,F9,0.0,0.0,TIE,1,1,0.0
V7,F10,4.440892098500626e-16,4.440892098500626e-16,TIE,1,1,0.0
V7,F11,0.0,0.0,TIE,1,1,0.0
V7,F12,0.27797407424104503,0.2226108583398145,V7,0,1,0.05536321590123053
V7,F13,1.349836846029414,1.2626044789747237,V7,0,1,0.08723236705469017
V7,F14,3.53865122915854,3.5386512291331416,TIE,1,1,2.539835008974478e-11
V7,F15,0.000327086928171355,0.000327930416372118,SCHO,1,0,8.434882007629565e-07
V7,F16,-1.0316284300630985,-1.0316284316223165,V7,0,1,1.5592180879764328e-09
V7,F17,0.3978903317325324,0.39788992438340265,V7,0,1,4.073491297607035e-07
V7,F18,7.5819672299431655,7.571159640792606,V7,0,1,0.010807589150559238
V7,F19,-3.8618902001976454,-3.8619301270366697,V7,0,1,3.992683902431793e-05
V7,F20,-3.268115527450003,-3.2675871824081377,SCHO,1,0,0.0005283450418653857
V7,F21,-8.796057576788064,-8.295410169317218,SCHO,1,0,0.5006474074708454
V7,F22,-9.33642620256563,-9.084622388279653,SCHO,1,0,0.2518038142859762
V7,F23,-9.125356316648064,-8.86713068226152,SCHO,1,0,0.25822563438654456
V8,F1,0.0,0.0,TIE,1,1,0.0
V8,F2,0.0,0.0,TIE,1,1,0.0
V8,F3,0.0,0.0,TIE,1,1,0.0
V8,F4,0.0,3.0224198533386025e-304,TIE,1,1,3.0224198533386025e-304
V8,F5,28.283975086321448,28.286979615554937,SCHO,1,0,0.0030045292334897056
V8,F6,0.305809620717497,0.5937972605037856,SCHO,1,0,0.28798763978628855
V8,F7,0.00011541545651241324,0.00011541545666503008,TIE,1,1,1.5261683789565689e-13
V8,F8,-7330.687973555046,-7941.516319527641,V8,0,1,610.8283459725953
V8,F9,0.0,0.0,TIE,1,1,0.0
V8,F10,4.440892098500626e-16,4.440892098500626e-16,TIE,1,1,0.0
V8,F11,0.0,0.0,TIE,1,1,0.0
V8,F12,0.27797407424104503,0.18825249159907567,V8,0,1,0.08972158264196936
V8,F13,1.349836846029414,1.3235811358457146,V8,0,1,0.02625571018369932
V8,F14,3.53865122915854,3.5386512291483476,TIE,1,1,1.0192291455268787e-11
V8,F15,0.000327086928171355,0.0003265626848674667,V8,0,1,5.242433038883318e-07
V8,F16,-1.0316284300630985,-1.0316284296170708,TIE,1,1,4.4602765925105814e-10
V8,F17,0.3978903317325324,0.3978898929469515,V8,0,1,4.387855809251384e-07
V8,F18,7.5819672299431655,7.571164777840936,V8,0,1,0.01080245210222941
V8,F19,-3.8618902001976454,-3.8619299952685013,V8,0,1,3.979507085594136e-05
V8,F20,-3.268115527450003,-3.267595141131736,SCHO,1,0,0.0005203863182670077
V8,F21,-8.796057576788064,-8.294463329323438,SCHO,1,0,0.5015942474646256
V8,F22,-9.33642620256563,-9.083355754124613,SCHO,1,0,0.2530704484410169
V8,F23,-9.125356316648064,-8.86716306514141,SCHO,1,0,0.25819325150665406
V9,F1,0.0,7.645910705336211e-264,TIE,1,1,7.645910705336211e-264
V9,F2,0.0,1.9912027231004588e-143,TIE,1,1,1.9912027231004588e-143
V9,F3,0.0,4.221089058169878e-250,TIE,1,1,4.221089058169878e-250
V9,F4,0.0,5.4020172604764546e-127,TIE,1,1,5.4020172604764546e-127
V9,F5,28.283975086321448,27.896772682222753,V9,0,1,0.38720240409869433
V9,F6,0.305809620717497,0.9119580374692045,SCHO,1,0,0.6061484167517075
V9,F7,0.00011541545651241324,0.0001187169325704135,SCHO,1,0,3.301476058000259e-06
V9,F8,-7330.687973555046,-6662.939954676286,SCHO,1,0,667.7480188787595
V9,F9,0.0,0.0,TIE,1,1,0.0
V9,F10,4.440892098500626e-16,4.440892098500626e-16,TIE,1,1,0.0
V9,F11,0.0,0.0,TIE,1,1,0.0
V9,F12,0.27797407424104503,0.006229068310965617,V9,0,1,0.27174500593007944
V9,F13,1.349836846029414,0.9855106865022074,V9,0,1,0.3643261595272065
V9,F14,3.53865122915854,2.1145910540899306,V9,0,1,1.4240601750686093
V9,F15,0.000327086928171355,0.00032156237966166263,V9,0,1,5.524548509692388e-06
V9,F16,-1.0316284300630985,-1.0316283280236092,SCHO,1,0,1.0203948930254114e-07
V9,F17,0.3978903317325324,0.3978961344031115,SCHO,1,0,5.802670579091451e-06
V9,F18,7.5819672299431655,5.700004378832872,V9,0,1,1.881962851110294
V9,F19,-3.8618902001976454,-3.8612489723982026,SCHO,1,0,0.0006412277994427562
V9,F20,-3.268115527450003,-3.244933848534875,SCHO,1,0,0.023181678915128234
V9,F21,-8.796057576788064,-8.204714030676971,SCHO,1,0,0.5913435461110925
V9,F22,-9.33642620256563,-8.905021420276361,SCHO,1,0,0.4314047822892686
V9,F23,-9.125356316648064,-9.810596564929664,V9,0,1,0.6852402482816
V10,F1,0.0,0.0,TIE,1,1,0.0
V10,F2,0.0,0.0,TIE,1,1,0.0
V10,F3,0.0,0.0,TIE,1,1,0.0
V10,F4,0.0,0.0,TIE,1,1,0.0
V10,F5,28.283975086321448,28.284447586567023,SCHO,1,0,0.0004725002455749916
V10,F6,0.305809620717497,0.29586734754385235,V10,0,1,0.009942273173644656
V10,F7,0.00011541545651241324,0.00011541545651241324,TIE,1,1,0.0
V10,F8,-7330.687973555046,-7254.607332631448,SCHO,1,0,76.08064092359746
V10,F9,0.0,0.0,TIE,1,1,0.0
V10,F10,4.440892098500626e-16,4.440892098500626e-16,TIE,1,1,0.0
V10,F11,0.0,0.0,TIE,1,1,0.0
V10,F12,0.27797407424104503,0.2782034887296702,SCHO,1,0,0.00022941448862517921
V10,F13,1.349836846029414,1.340627150532993,V10,0,1,0.009209695496420922
V10,F14,3.53865122915854,3.5386512291557035,TIE,1,1,2.83639778331235e-12
V10,F15,0.000327086928171355,0.00032549953243998884,V10,0,1,1.5873957313661843e-06
V10,F16,-1.0316284300630985,-1.0316284300630985,TIE,1,1,0.0
V10,F17,0.3978903317325324,0.3978903317325324,TIE,1,1,0.0
V10,F18,7.5819672299431655,7.581967229943177,TIE,1,1,1.1546319456101628e-14
V10,F19,-3.8618902001976454,-3.861890209481228,V10,0,1,9.283582791397293e-09
V10,F20,-3.268115527450003,-3.268113809410619,SCHO,1,0,1.7180393840909858e-06
V10,F21,-8.796057576788064,-8.795035200397848,SCHO,1,0,0.0010223763902157401
V10,F22,-9.33642620256563,-9.338437850666567,V10,0,1,0.0020116481009377907
V10,F23,-9.125356316648064,-9.124668228780468,SCHO,1,0,0.00068808786759611
V11,F1,0.0,0.0,TIE,1,1,0.0
V11,F2,0.0,0.0,TIE,1,1,0.0
V11,F3,0.0,0.0,TIE,1,1,0.0
V11,F4,0.0,0.0,TIE,1,1,0.0
V11,F5,28.283975086321448,28.283972217980644,V11,0,1,2.8683408039853475e-06
V11,F6,0.305809620717497,0.30584453174227266,SCHO,1,0,3.491102477565233e-05
V11,F7,0.00011541545651241324,0.00011541545651241324,TIE,1,1,0.0
V11,F8,-7330.687973555046,-7330.674796800678,SCHO,1,0,0.013176754367123067
V11,F9,0.0,0.0,TIE,1,1,0.0
V11,F10,4.440892098500626e-16,4.440892098500626e-16,TIE,1,1,0.0
V11,F11,0.0,0.0,TIE,1,1,0.0
V11,F12,0.27797407424104503,0.2779734910620656,V11,0,1,5.831789794408238e-07
V11,F13,1.349836846029414,1.3498380134538794,SCHO,1,0,1.1674244655424104e-06
V11,F14,3.53865122915854,3.5386512291785053,TIE,1,1,1.9965362696439115e-11
V11,F15,0.000327086928171355,0.00032707907811778836,V11,0,1,7.850053566655236e-09
V11,F16,-1.0316284300630985,-1.0316284300630985,TIE,1,1,0.0
V11,F17,0.3978903317325324,0.3978903317325324,TIE,1,1,0.0
V11,F18,7.5819672299431655,7.581967229943177,TIE,1,1,1.1546319456101628e-14
V11,F19,-3.8618902001976454,-3.861890200197645,TIE,1,1,4.440892098500626e-16
V11,F20,-3.268115527450003,-3.268115527449858,TIE,1,1,1.4521717162097048e-13
V11,F21,-8.796057576788064,-8.796057576788346,TIE,1,1,2.824407374646398e-13
V11,F22,-9.33642620256563,-9.33642620256563,TIE,1,1,0.0
V11,F23,-9.125356316648064,-9.125504277836939,V11,0,1,0.00014796118887439036
