Comparator,Function,U,PValue,SCHO_Mean,Comparator_Mean,SCHO_Median,Comparator_Median,MeanRankDelta_SCHO_minus_Comparator,Symbol
GWO,F1,0.0,1.2117803970059759e-12,0.0,9.805881514239521e-28,0.0,3.4277552606185745e-28,-30.0,+
GWO,F2,0.0,1.2117803970059759e-12,0.0,9.098967002935348e-17,0.0,6.957916854288228e-17,-30.0,+
GWO,F3,0.0,1.2117803970059759e-12,0.0,1.6310056824034777e-05,0.0,1.7117262435495013e-06,-30.0,+
GWO,F4,0.0,1.2117803970059759e-12,0.0,6.13287698035774e-07,0.0,3.818377640883865e-07,-30.0,+
GWO,F5,819.0,5.092196223484032e-08,28.28397508632145,26.897595543384316,28.64996281544036,27.048393181435884,24.599999999999998,-
GWO,F6,140.0,4.744496840420643e-06,0.30580962071749707,0.660144056030857,0.03765921359450068,0.5017595720543311,-20.666666666666668,+
GWO,F7,0.0,3.019859359162157e-11,0.00011104732198866423,0.002104954940598677,9.083376248303354e-05,0.001991983406241741,-30.0,+
GWO,F8,365.0,0.21156123692597317,-7330.6879735550465,-5798.071281670803,-5971.476683462198,-5928.711799525258,-5.666666666666668,~
GWO,F9,135.0,4.7884092232386675e-08,0.0,3.2791628819010947,0.0,2.155572862344796,-21.0,+
GWO,F10,0.0,1.0758988905119517e-12,4.440892098500626e-16,1.0063061495202419e-13,4.440892098500626e-16,9.992007221626409e-14,-30.0,+
GWO,F11,375.0,0.021577191872833038,0.0,0.002842732105494498,0.0,0.0,-5.0,+
GWO,F12,360.0,0.18576685629821565,0.27797407424104503,0.04737360661521252,1.3293752101512104e-06,0.0417425509994319,-6.0,~
GWO,F13,604.0,0.02324344705367121,1.349836846029414,0.5791880166109363,1.7544567025241515,0.620298529032216,10.266666666666666,-
GWO,F14,349.0,0.13726275612682728,3.5386512291585395,4.487022111380957,0.9980038385337332,2.9821051568270454,-6.733333333333334,~
GWO,F15,141.0,5.091173485363367e-06,0.000327086928171355,0.003859943730096754,0.0003211329667508688,0.00045143683150478613,-20.599999999999998,+
GWO,F16,449.0,0.9941019213254952,-1.0316284300630985,-1.0316284299468077,-1.0316284384435512,-1.0316284354410339,-0.06666666666666998,~
GWO,F17,506.0,0.4119108371475996,0.3978903317325324,0.39794749290321907,0.39788944539483406,0.39788883569578015,3.7333333333333343,~
GWO,F18,243.0,0.0022657813274275305,7.581967229943165,3.000021238395611,3.000002359612611,3.000014561300791,-13.799999999999997,+
GWO,F19,230.0,0.0011737583520143354,-3.8618902001976454,-3.8606796114968946,-3.8627731630460733,-3.862661030910151,-14.666666666666668,+
GWO,F20,636.0,0.006097142345173947,-3.268115527450003,-3.2740174885077735,-3.321617941744566,-3.322354102328566,12.400000000000002,-
GWO,F21,577.0,0.061451911011256986,-8.796057576788062,-9.814392267919146,-10.146243784186378,-10.15137323620955,8.466666666666669,~
GWO,F22,692.0,0.00035638379914234935,-9.33642620256563,-10.40108978793703,-10.395847233756049,-10.400961554716481,16.133333333333336,-
GWO,F23,657.0,0.0022657813274275305,-9.125356316648064,-10.53452647265656,-10.531793950747328,-10.534716576597873,13.799999999999997,-
ALO,F1,0.0,1.2117803970059759e-12,0.0,0.0006286916285153253,0.0,0.0004391278610238542,-30.0,+
ALO,F2,0.0,1.2117803970059759e-12,0.0,49.59471764599827,0.0,28.770211408657083,-30.0,+
ALO,F3,0.0,1.2117803970059759e-12,0.0,4787.445817444929,0.0,4330.071566980618,-30.0,+
ALO,F4,0.0,1.2117803970059759e-12,0.0,20.322860660921478,0.0,19.147908083553638,-30.0,+
ALO,F5,26.0,3.8201597819993253e-10,28.28397508632145,252.01876880373092,28.64996281544036,175.64758706826728,-28.266666666666666,+
ALO,F6,747.0,1.167436036255161e-05,0.30580962071749707,0.0006920791321771151,0.03765921359450068,0.0004668253277263024,19.799999999999997,-
ALO,F7,0.0,3.019859359162157e-11,0.00011104732198866423,0.3672165617827646,9.083376248303354e-05,0.36048897915083283,-30.0,+
ALO,F8,310.0,0.033034346910846786,-7330.6879735550465,-5719.80974250415,-5971.476683462198,-5417.6747559417545,-9.333333333333332,+
ALO,F9,0.0,1.2117803970059759e-12,0.0,63.18032901473087,0.0,58.703250437013054,-30.0,+
ALO,F10,0.0,1.2117803970059759e-12,4.440892098500626e-16,7.383242547032597,4.440892098500626e-16,5.733639806504399,-30.0,+
ALO,F11,0.0,1.2117803970059759e-12,0.0,0.06842628816706035,0.0,0.06874320708275461,-30.0,+
ALO,F12,0.0,3.019859359162157e-11,0.27797407424104503,17.120202227088626,1.3293752101512104e-06,16.905072390041987,-30.0,+
ALO,F13,46.0,2.438626624144956e-09,1.349836846029414,49.00580663806559,1.7544567025241515,53.89296175420052,-26.933333333333334,+
ALO,F14,519.0,0.3104538275998576,3.5386512291585395,3.190088272147365,0.9980038385337332,1.9920309002207168,4.599999999999998,~
ALO,F15,0.0,3.019859359162157e-11,0.000327086928171355,0.001635891180304028,0.0003211329667508688,0.0011041422314110377,-30.0,+
ALO,F16,900.0,3.017966798490446e-11,-1.0316284300630985,-1.0316284534897433,-1.0316284384435512,-1.0316284534897726,30.0,-
ALO,F17,900.0,2.995340313113173e-11,0.3978903317325324,0.3978873577298144,0.39788944539483406,0.39788735772979766,30.0,-
ALO,F18,900.0,3.017966798490446e-11,7.581967229943165,3.000000000000204,3.000002359612611,3.0000000000000453,30.0,-
ALO,F19,900.0,3.017966798490446e-11,-3.8618902001976454,-3.8627797873324488,-3.8627731630460733,-3.8627797873325864,30.0,-
ALO,F20,659.0,0.0020523338723804135,-3.268115527450003,-3.2783982572542345,-3.321617941744566,-3.3223680114144827,13.933333333333334,-
ALO,F21,342.0,0.11198687208268976,-8.796057576788062,-6.031436363911404,-10.146243784186378,-5.077984934612763,-7.200000000000003,~
ALO,F22,312.0,0.04206682132383563,-9.33642620256563,-6.02763707308083,-10.395847233756049,-5.087671825044779,-9.200000000000003,+
ALO,F23,452.0,0.9823070530800847,-9.125356316648064,-6.840821555492652,-10.531793950747328,-5.175646741632895,0.13333333333333286,~
SCA,F1,0.0,1.2117803970059759e-12,0.0,8.373641374689887,0.0,3.545533696228373,-30.0,+
SCA,F2,0.0,1.2117803970059759e-12,0.0,0.015020482006093166,0.0,0.004926270953281214,-30.0,+
SCA,F3,0.0,1.2117803970059759e-12,0.0,9854.517850122926,0.0,10390.957700610148,-30.0,+
SCA,F4,0.0,1.2117803970059759e-12,0.0,32.82703404278207,0.0,32.22262941570814,-30.0,+
SCA,F5,0.0,3.019859359162157e-11,28.28397508632145,23107.412829081248,28.64996281544036,6689.327704239544,-30.0,+
SCA,F6,0.0,3.019859359162157e-11,0.30580962071749707,17.101974287492286,0.03765921359450068,8.752560020008236,-30.0,+
SCA,F7,0.0,3.019859359162157e-11,0.00011104732198866423,0.17004845196972343,9.083376248303354e-05,0.09537289177917699,-30.0,+
SCA,F8,4.0,4.504322112705282e-11,-7330.6879735550465,-3759.1563523022164,-5971.476683462198,-3771.6377231524716,-29.733333333333334,+
SCA,F9,0.0,1.2117803970059759e-12,0.0,33.623109752848364,0.0,27.10032511524162,-30.0,+
SCA,F10,0.0,1.2117803970059759e-12,4.440892098500626e-16,13.406721071252436,4.440892098500626e-16,20.03566020279776,-30.0,+
SCA,F11,0.0,1.2117803970059759e-12,0.0,0.9831361554391578,0.0,1.0125791540122646,-30.0,+
SCA,F12,9.0,7.389082518022347e-11,0.27797407424104503,21733.866185230392,1.3293752101512104e-06,10.576325353860838,-29.400000000000002,+
SCA,F13,0.0,3.019859359162157e-11,1.349836846029414,259066.85515907203,1.7544567025241515,910.7039797452983,-30.0,+
SCA,F14,308.0,0.036428456739051436,3.5386512291585395,1.8586190079098122,0.9980038385337332,1.0024605210524236,-9.466666666666669,+
SCA,F15,0.0,3.019859359162157e-11,0.000327086928171355,0.0011111708860335654,0.0003211329667508688,0.001126534279695611,-30.0,+
SCA,F16,10.0,8.152744512218774e-11,-1.0316284300630985,-1.03158851662976,-1.0316284384435512,-1.0315994695369806,-29.33333333333333,+
SCA,F17,0.0,3.019859359162157e-11,0.3978903317325324,0.40014664742945527,0.39788944539483406,0.39895529112274186,-30.0,+
SCA,F18,233.0,0.0013703325610487653,7.581967229943165,3.000101450045904,3.000002359612611,3.0000742980678243,-14.466666666666669,+
SCA,F19,24.0,3.158889488129529e-10,-3.8618902001976454,-3.854371134386119,-3.8627731630460733,-3.8540749888893684,-28.400000000000002,+
SCA,F20,17.0,1.6132250444697864e-10,-3.268115527450003,-2.8673093297120844,-3.321617941744566,-3.0104879971532346,-28.866666666666664,+
SCA,F21,0.0,3.019859359162157e-11,-8.796057576788062,-2.2309451678475587,-10.146243784186378,-0.8815074257195575,-30.0,+
SCA,F22,6.0,5.494052450965186e-11,-9.33642620256563,-2.9756746889284806,-10.395847233756049,-3.160789094468899,-29.599999999999998,+
SCA,F23,61.0,9.26028739563309e-09,-9.125356316648064,-3.9833114583979152,-10.531793950747328,-4.4540263414750045,-25.933333333333334,+
SSA,F1,0.0,1.2117803970059759e-12,0.0,2.5249608620220583e-07,0.0,8.037027207654605e-08,-30.0,+
SSA,F2,0.0,1.2117803970059759e-12,0.0,2.0984115034833097,0.0,1.465848988201986,-30.0,+
SSA,F3,0.0,1.2117803970059759e-12,0.0,1623.1039143912458,0.0,1576.9117396548397,-30.0,+
SSA,F4,0.0,1.2117803970059759e-12,0.0,13.244152731052923,0.0,13.206309595597599,-30.0,+
SSA,F5,147.0,7.738685688576608e-06,28.28397508632145,316.91423527611653,28.64996281544036,79.45248345390394,-20.200000000000003,+
SSA,F6,900.0,3.019859359162157e-11,0.30580962071749707,1.8021797824166682e-07,0.03765921359450068,8.988269701963623e-08,30.0,-
SSA,F7,0.0,3.019859359162157e-11,0.00011104732198866423,0.17420706717851722,9.083376248303354e-05,0.16980717312053076,-30.0,+
SSA,F8,549.0,0.14531912724086543,-7330.6879735550465,-7574.74470996979,-5971.476683462198,-7566.848197286989,6.599999999999998,~
SSA,F9,0.0,1.2117803970059759e-12,0.0,56.579900634030345,0.0,54.72267003132363,-30.0,+
SSA,F10,0.0,1.2117803970059759e-12,4.440892098500626e-16,2.8411743288863436,4.440892098500626e-16,2.8870862509243804,-30.0,+
SSA,F11,0.0,1.2117803970059759e-12,0.0,0.018415543810313764,0.0,0.017601203244190455,-30.0,+
SSA,F12,0.0,3.019859359162157e-11,0.27797407424104503,6.977578786431897,1.3293752101512104e-06,6.275255083239109,-30.0,+
SSA,F13,94.0,1.473317499078265e-07,1.349836846029414,17.829293900969297,1.7544567025241515,14.350755071164192,-23.733333333333334,+
SSA,F14,900.0,1.8697363304978778e-11,3.5386512291585395,0.9980038377944498,0.9980038385337332,0.99800383779445,30.0,-
SSA,F15,3.0,4.0771648468253186e-11,0.000327086928171355,0.0008422683785653082,0.0003211329667508688,0.000779139122199035,-29.799999999999997,+
SSA,F16,900.0,3.017966798490446e-11,-1.0316284300630985,-1.0316284534898594,-1.0316284384435512,-1.0316284534898665,30.0,-
SSA,F17,900.0,2.976603244829892e-11,0.3978903317325324,0.39788735772976386,0.39788944539483406,0.3978873577297479,30.0,-
SSA,F18,900.0,3.017966798490446e-11,7.581967229943165,3.000000000000171,3.000002359612611,3.0000000000000706,30.0,-
SSA,F19,900.0,3.019859359162157e-11,-3.8618902001976454,-3.862779787328964,-3.8627731630460733,-3.862779787332404,30.0,-
SSA,F20,254.0,0.003848067983551401,-3.268115527450003,-3.2097506237531577,-3.321617941744566,-3.197602967489816,-13.066666666666666,+
SSA,F21,518.0,0.31830422747222764,-8.796057576788062,-6.993157132561174,-10.146243784186378,-10.153199678935927,4.533333333333331,~
SSA,F22,696.0,0.0002838866568788881,-9.33642620256563,-8.697866158115785,-10.395847233756049,-10.402940566749798,16.400000000000002,-
SSA,F23,730.0,3.592342311269681e-05,-9.125356316648064,-8.98856281084138,-10.531793950747328,-10.536409816628524,18.666666666666668,-
AOA,F1,450.0,1.0,0.0,0.0,0.0,0.0,0.0,~
AOA,F2,450.0,1.0,0.0,0.0,0.0,0.0,0.0,~
AOA,F3,450.0,1.0,0.0,0.0,0.0,0.0,0.0,~
AOA,F4,450.0,1.0,0.0,0.0,0.0,0.0,0.0,~
AOA,F5,0.0,1.2117803970059759e-12,28.28397508632145,29.0,28.64996281544036,29.0,-30.0,+
AOA,F6,0.0,3.160214693348856e-12,0.30580962071749707,7.487422081888186,0.03765921359450068,7.5,-30.0,+
AOA,F7,571.0,0.07477045534699381,0.00011104732198866423,6.493966782116593e-05,9.083376248303354e-05,5.6118732952969985e-05,8.066666666666666,~
AOA,F8,0.0,3.019859359162157e-11,-7330.6879735550465,-2761.9297805496503,-5971.476683462198,-2709.5058386976616,-30.0,+
AOA,F9,450.0,1.0,0.0,0.0,0.0,0.0,0.0,~
AOA,F10,450.0,1.0,4.440892098500626e-16,4.440892098500626e-16,4.440892098500626e-16,4.440892098500626e-16,0.0,~
AOA,F11,450.0,1.0,0.0,0.0,0.0,0.0,0.0,~
AOA,F12,3.0,7.209479635243741e-12,0.27797407424104503,1.6515848215112556,1.3293752101512104e-06,1.668971097219577,-29.799999999999997,+
AOA,F13,0.0,1.2117803970059759e-12,1.349836846029414,3.0,1.7544567025241515,3.0,-30.0,+
AOA,F14,39.0,3.5387678421199267e-10,3.5386512291585395,11.44099018855164,0.9980038385337332,12.670505812885983,-27.400000000000002,+
AOA,F15,0.0,2.2622576527640783e-11,0.000327086928171355,0.10632991372960951,0.0003211329667508688,0.13715744880863648,-30.0,+
AOA,F16,0.0,2.8646038339251135e-11,-1.0316284300630985,-0.48681033213198516,-1.0316284384435512,-0.5723930668790964,-30.0,+
AOA,F17,0.0,3.019859359162157e-11,0.3978903317325324,0.4108245558789635,0.39788944539483406,0.4077422499473604,-30.0,+
AOA,F18,55.0,5.4617466566169245e-09,7.581967229943165,70.75618145236271,3.000002359612611,35.245037204125836,-26.333333333333332,+
AOA,F19,10.0,8.152744512218774e-11,-3.8618902001976454,-3.8519394316075592,-3.8627731630460733,-3.852946006642873,-29.33333333333333,+
AOA,F20,31.0,6.121039395876218e-10,-3.268115527450003,-3.04675373081566,-3.321617941744566,-3.0792873898601254,-27.933333333333334,+
AOA,F21,8.0,6.69551896550012e-11,-8.796057576788062,-3.5046383472674516,-10.146243784186378,-3.4109364050057716,-29.46666666666667,+
AOA,F22,42.0,1.6947244610469583e-09,-9.33642620256563,-3.9355582379498726,-10.395847233756049,-3.754635447889524,-27.200000000000003,+
AOA,F23,75.0,3.081054351802121e-08,-9.125356316648064,-3.9865786365066973,-10.531793950747328,-3.8647745245427148,-25.0,+
RSA,F1,450.0,1.0,0.0,0.0,0.0,0.0,0.0,~
RSA,F2,450.0,1.0,0.0,0.0,0.0,0.0,0.0,~
RSA,F3,450.0,1.0,0.0,0.0,0.0,0.0,0.0,~
RSA,F4,450.0,1.0,0.0,0.0,0.0,0.0,0.0,~
RSA,F5,370.0,0.236863560190557,28.28397508632145,17.46618393606682,28.64996281544036,28.990156198501467,-5.333333333333332,~
RSA,F6,0.0,1.2709849497708895e-11,0.30580962071749707,7.320259413335436,0.03765921359450068,7.5,-30.0,+
RSA,F7,361.0,0.19063172615597856,0.00011104732198866423,0.00015089393084100514,9.083376248303354e-05,0.00012992966008495976,-5.933333333333334,~
RSA,F8,283.0,0.013785500137431394,-7330.6879735550465,-5367.888710059571,-5971.476683462198,-5447.440336597332,-11.133333333333336,+
RSA,F9,450.0,1.0,0.0,0.0,0.0,0.0,0.0,~
RSA,F10,450.0,1.0,4.440892098500626e-16,4.440892098500626e-16,4.440892098500626e-16,4.440892098500626e-16,0.0,~
RSA,F11,450.0,1.0,0.0,0.0,0.0,0.0,0.0,~
RSA,F12,54.0,3.786286295477811e-09,0.27797407424104503,1.3154908932821952,1.3293752101512104e-06,1.6329736841686548,-26.400000000000002,+
RSA,F13,780.0,1.103930437740695e-06,1.349836846029414,0.4,1.7544567025241515,4.824289279699334e-28,22.0,-
RSA,F14,207.0,0.00033653304326096726,3.5386512291585395,5.093949577791363,0.9980038385337332,2.982209895154927,-16.200000000000003,+
RSA,F15,0.0,3.019859359162157e-11,0.000327086928171355,0.0026343053489724633,0.0003211329667508688,0.0016617231809562048,-30.0,+
RSA,F16,0.0,3.019859359162157e-11,-1.0316284300630985,-1.0305462336719884,-1.0316284384435512,-1.0310395990370171,-30.0,+
RSA,F17,0.0,3.019859359162157e-11,0.3978903317325324,0.43369120058053234,0.39788944539483406,0.4071031316608673,-30.0,+
RSA,F18,182.0,7.658787390218044e-05,7.581967229943165,7.227626685750885,3.000002359612611,3.0000828914076307,-17.866666666666664,+
RSA,F19,8.0,6.69551896550012e-11,-3.8618902001976454,-3.755547837859607,-3.8627731630460733,-3.77133021712066,-29.46666666666667,+
RSA,F20,0.0,3.019859359162157e-11,-3.268115527450003,-2.472897140556596,-3.321617941744566,-2.583032166918349,-30.0,+
RSA,F21,78.0,3.964765355918728e-08,-8.796057576788062,-5.05519613416837,-10.146243784186378,-5.055196069588364,-24.799999999999997,+
RSA,F22,31.0,6.121039395876218e-10,-9.33642620256563,-5.087667829718134,-10.395847233756049,-5.087667579897214,-27.933333333333334,+
RSA,F23,60.0,8.48477290014798e-09,-9.125356316648064,-5.128473680886888,-10.531793950747328,-5.128473474492594,-26.0,+
SHO,F1,0.0,1.2117803970059759e-12,0.0,8.119773499838484e-199,0.0,2.4393585089768185e-205,-30.0,+
SHO,F2,0.0,1.2117803970059759e-12,0.0,6.01426664942133e-105,0.0,2.2901664617089795e-110,-30.0,+
SHO,F3,0.0,1.2117803970059759e-12,0.0,5.83620696051569e-158,0.0,1.2450280049943192e-165,-30.0,+
SHO,F4,0.0,1.2117803970059759e-12,0.0,1.8786940100097197e-89,0.0,7.045026632039333e-91,-30.0,+
SHO,F5,41.0,1.5465212858330377e-09,28.28397508632145,28.929499847009076,28.64996281544036,28.93329454662822,-27.266666666666666,+
SHO,F6,0.0,3.019859359162157e-11,0.30580962071749707,5.802005336281429,0.03765921359450068,5.781648508423919,-30.0,+
SHO,F7,546.0,0.1579756891505133,0.00011104732198866423,6.764424512194067e-05,9.083376248303354e-05,5.163246868423433e-05,6.400000000000002,~
SHO,F8,0.0,3.019859359162157e-11,-7330.6879735550465,-2975.1441260620677,-5971.476683462198,-2918.8605589400277,-30.0,+
SHO,F9,450.0,1.0,0.0,0.0,0.0,0.0,0.0,~
SHO,F10,435.0,0.33371069574356604,4.440892098500626e-16,5.625129991434126e-16,4.440892098500626e-16,4.440892098500626e-16,-1.0,~
SHO,F11,450.0,1.0,0.0,0.0,0.0,0.0,0.0,~
SHO,F12,119.0,1.0277332588914457e-06,0.27797407424104503,0.8277594375673689,1.3293752101512104e-06,0.8270050934898414,-22.066666666666666,+
SHO,F13,8.0,6.69551896550012e-11,1.349836846029414,2.9489252913951773,1.7544567025241515,2.9592246894567658,-29.46666666666667,+
SHO,F14,138.0,4.112694625818826e-06,3.5386512291585395,8.63212885557612,0.9980038385337332,7.874141297047951,-20.799999999999997,+
SHO,F15,13.0,1.0936695631098952e-10,0.000327086928171355,0.012896009905296546,0.0003211329667508688,0.0028475831596871176,-29.133333333333336,+
SHO,F16,0.0,3.019859359162157e-11,-1.0316284300630985,-1.0170648655989025,-1.0316284384435512,-1.0275882986405314,-30.0,+
SHO,F17,3.0,4.0771648468253186e-11,0.3978903317325324,0.6725908153102587,0.39788944539483406,0.5747695318634003,-29.799999999999997,+
SHO,F18,136.0,3.5708008787916228e-06,7.581967229943165,9.725760609535712,3.000002359612611,3.1380844227768403,-20.933333333333334,+
SHO,F19,5.0,4.9751664405934084e-11,-3.8618902001976454,-3.4691093069259487,-3.8627731630460733,-3.5341400270633017,-29.66666666666667,+
SHO,F20,0.0,3.019859359162157e-11,-3.268115527450003,-2.0129246297802337,-3.321617941744566,-1.9674149166263537,-30.0,+
SHO,F21,8.0,6.69551896550012e-11,-8.796057576788062,-3.0451790505203165,-10.146243784186378,-2.957114408133358,-29.46666666666667,+
SHO,F22,0.0,3.019859359162157e-11,-9.33642620256563,-2.6034523910911513,-10.395847233756049,-2.5306368206174366,-30.0,+
SHO,F23,22.0,2.609852787955853e-10,-9.125356316648064,-2.780659805612452,-10.531793950747328,-2.5693698933589095,-28.53333333333333,+
GJO,F1,0.0,1.2117803970059759e-12,0.0,1.3274992163798202e-54,0.0,3.083812658912421e-55,-30.0,+
GJO,F2,0.0,1.2117803970059759e-12,0.0,1.929748906731768e-32,0.0,1.0184595501223863e-32,-30.0,+
GJO,F3,0.0,1.2117803970059759e-12,0.0,7.538773479802854e-18,0.0,1.0752702114128127e-19,-30.0,+
GJO,F4,0.0,1.2117803970059759e-12,0.0,9.321039585839657e-16,0.0,1.345449813720756e-16,-30.0,+
GJO,F5,641.0,0.00485601639666783,28.28397508632145,27.77854788017742,28.64996281544036,27.968647831867845,12.733333333333334,-
GJO,F6,34.0,8.101362326146452e-10,0.30580962071749707,2.6658939877684893,0.03765921359450068,2.7448820941148444,-27.733333333333334,+
GJO,F7,100.0,2.3768200504545059e-07,0.00011104732198866423,0.0005926206902335441,9.083376248303354e-05,0.0004273671673309163,-23.333333333333332,+
GJO,F8,103.0,3.0102616021326514e-07,-7330.6879735550465,-4002.014326890116,-5971.476683462198,-3508.419616517732,-23.133333333333336,+
GJO,F9,450.0,1.0,0.0,0.0,0.0,0.0,0.0,~
GJO,F10,0.0,2.0077417333793146e-13,4.440892098500626e-16,7.0758214102776645e-15,4.440892098500626e-16,7.549516567451064e-15,-30.0,+
GJO,F11,450.0,1.0,0.0,0.0,0.0,0.0,0.0,~
GJO,F12,312.0,0.04206682132383563,0.27797407424104503,0.23310582055774492,1.3293752101512104e-06,0.2097747086741742,-9.200000000000003,+
GJO,F13,478.0,0.6843225867624494,1.349836846029414,1.5968334133989301,1.7544567025241515,1.5291487671029187,1.8666666666666671,~
GJO,F14,216.0,0.0005557156713564485,3.5386512291585395,6.7911509664779945,0.9980038385337332,6.872642911840499,-15.599999999999998,+
GJO,F15,66.0,1.4294165868692731e-08,0.000327086928171355,0.0018874966827487011,0.0003211329667508688,0.0004852051618358281,-25.599999999999998,+
GJO,F16,90.0,1.0665677738596443e-07,-1.0316284300630985,-1.0316282801850938,-1.0316284384435512,-1.0316283338971797,-24.0,+
GJO,F17,175.0,4.942599819037003e-05,0.3978903317325324,0.39790611810064896,0.39788944539483406,0.39789462448762336,-18.333333333333332,+
GJO,F18,550.0,0.14127750644049156,7.581967229943165,3.0000039035487864,3.000002359612611,3.00000107530097,6.666666666666668,~
GJO,F19,132.0,2.6784187792783593e-06,-3.8618902001976454,-3.8604273093187946,-3.8627731630460733,-3.8626504569515854,-21.200000000000003,+
GJO,F20,271.0,0.00831460908674944,-3.268115527450003,-3.1486707646054564,-3.321617941744566,-3.13337409953957,-11.933333333333334,+
GJO,F21,274.0,0.009468269708615267,-8.796057576788062,-8.385308224927272,-10.146243784186378,-10.135062275288764,-11.733333333333334,+
GJO,F22,381.0,0.31118764341027494,-9.33642620256563,-10.0391907297611,-10.395847233756049,-10.391058117493397,-4.599999999999998,~
GJO,F23,287.0,0.0162848089481173,-9.125356316648064,-9.842883510855026,-10.531793950747328,-10.522786702220731,-10.866666666666664,+
