Function,Algorithm,Best,Mean,STD_sample_ddof1,Rank_by_Mean,MeanRank_23,FinalRank
F1,SCHO,0.0,0.0,0.0,2.0,2.869565217391304,1.0
F1,GWO,4.779837549451538e-29,9.805881514239521e-28,1.8281450590977823e-27,6.0,4.086956521739131,2.0
F1,ALO,0.00014039829562296176,0.0006286916285153253,0.00047876808135004266,8.0,5.478260869565218,6.0
F1,SCA,0.03633594425516241,8.373641374689887,11.94177261502972,9.0,7.3478260869565215,9.0
F1,SSA,2.2890437164992696e-08,2.5249608620220583e-07,7.731861815209165e-07,7.0,4.6521739130434785,5.0
F1,AOA,0.0,0.0,0.0,2.0,5.608695652173913,7.0
F1,RSA,0.0,0.0,0.0,2.0,4.608695652173913,4.0
F1,SHO,2.2219088860488815e-215,8.119773499838484e-199,0.0,4.0,6.130434782608695,8.0
F1,GJO,6.2287486694922345e-58,1.3274992163798202e-54,3.920758126999609e-54,5.0,4.217391304347826,3.0
F2,SCHO,0.0,0.0,0.0,2.0,2.869565217391304,1.0
F2,GWO,2.806175823337793e-17,9.098967002935348e-17,8.378824478136685e-17,6.0,4.086956521739131,2.0
F2,ALO,6.894508732941703,49.59471764599827,39.153544969997064,9.0,5.478260869565218,6.0
F2,SCA,0.0005116661432842073,0.015020482006093166,0.020297606450266983,7.0,7.3478260869565215,9.0
F2,SSA,0.29849217864073396,2.0984115034833097,1.7372953948747287,8.0,4.6521739130434785,5.0
F2,AOA,0.0,0.0,0.0,2.0,5.608695652173913,7.0
F2,RSA,0.0,0.0,0.0,2.0,4.608695652173913,4.0
F2,SHO,4.681750496750928e-114,6.01426664942133e-105,3.29353874644363e-104,4.0,6.130434782608695,8.0
F2,GJO,1.6650492433726096e-33,1.929748906731768e-32,2.0200157652759734e-32,5.0,4.217391304347826,3.0
F3,SCHO,0.0,0.0,0.0,2.0,2.869565217391304,1.0
F3,GWO,2.4506868302042446e-08,1.6310056824034777e-05,3.403391911892772e-05,6.0,4.086956521739131,2.0
F3,ALO,2256.5250853122175,4787.445817444929,2095.832563211571,8.0,5.478260869565218,6.0
F3,SCA,1062.197343400426,9854.517850122926,5947.568158633268,9.0,7.3478260869565215,9.0
F3,SSA,556.2013085834711,1623.1039143912458,627.8293910702436,7.0,4.6521739130434785,5.0
F3,AOA,0.0,0.0,0.0,2.0,5.608695652173913,7.0
F3,RSA,0.0,0.0,0.0,2.0,4.608695652173913,4.0
F3,SHO,3.0146930909947834e-175,5.83620696051569e-158,3.192743952375559e-157,4.0,6.130434782608695,8.0
F3,GJO,2.824778843115307e-24,7.538773479802854e-18,2.427894428246685e-17,5.0,4.217391304347826,3.0
F4,SCHO,0.0,0.0,0.0,2.0,2.869565217391304,1.0
F4,GWO,6.111312276191063e-08,6.13287698035774e-07,6.630639158515276e-07,6.0,4.086956521739131,2.0
F4,ALO,8.563222391155186,20.322860660921478,5.114325155849848,8.0,5.478260869565218,6.0
F4,SCA,8.113025967535346,32.82703404278207,12.04825577477003,9.0,7.3478260869565215,9.0
F4,SSA,4.023551061894632,13.244152731052923,4.5747593786810175,7.0,4.6521739130434785,5.0
F4,AOA,0.0,0.0,0.0,2.0,5.608695652173913,7.0
F4,RSA,0.0,0.0,0.0,2.0,4.608695652173913,4.0
F4,SHO,3.541036167893211e-95,1.8786940100097197e-89,3.911261013797652e-89,4.0,6.130434782608695,8.0
F4,GJO,2.8590109953717053e-18,9.321039585839657e-16,2.2999123462047873e-15,5.0,4.217391304347826,3.0
F5,SCHO,26.056079496446586,28.28397508632145,0.7170736582065113,4.0,2.869565217391304,1.0
F5,GWO,25.757382486116324,26.897595543384316,0.7689879282353511,2.0,4.086956521739131,2.0
F5,ALO,27.30501916263031,252.01876880373092,241.84755992134677,7.0,5.478260869565218,6.0
F5,SCA,106.59777567675538,23107.412829081248,34666.23639016892,9.0,7.3478260869565215,9.0
F5,SSA,24.067574053317514,316.91423527611653,625.3681640060571,8.0,4.6521739130434785,5.0
F5,AOA,29.0,29.0,0.0,6.0,5.608695652173913,7.0
F5,RSA,5.485958136846181e-26,17.46618393606682,14.355135220447863,1.0,4.608695652173913,4.0
F5,SHO,28.815120161976175,28.929499847009076,0.028673058704879902,5.0,6.130434782608695,8.0
F5,GJO,26.24229936711086,27.77854788017742,0.7361648859943112,3.0,4.217391304347826,3.0
F6,SCHO,9.254089880824617e-06,0.30580962071749707,0.712376753322505,3.0,2.869565217391304,1.0
F6,GWO,0.00010423191477717052,0.660144056030857,0.3657138027239516,4.0,4.086956521739131,2.0
F6,ALO,0.00019269515052777793,0.0006920791321771151,0.0008492450457138873,2.0,5.478260869565218,6.0
F6,SCA,4.370264569674529,17.101974287492286,21.003715315180653,9.0,7.3478260869565215,9.0
F6,SSA,3.5061310337290794e-08,1.8021797824166682e-07,1.9454555737767657e-07,1.0,4.6521739130434785,5.0
F6,AOA,7.29748559090074,7.487422081888186,0.046383224637145684,8.0,5.608695652173913,7.0
F6,RSA,6.72616829753725,7.320259413335436,0.27283420267577513,7.0,4.608695652173913,4.0
F6,SHO,4.992292700467508,5.802005336281429,0.3859902020175668,6.0,6.130434782608695,8.0
F6,GJO,1.7489230301458472,2.6658939877684893,0.5783802031226559,5.0,4.217391304347826,3.0
F7,SCHO,2.747750069698185e-07,0.00011104732198866423,9.425987738273388e-05,3.0,2.869565217391304,1.0
F7,GWO,0.0003626393912162953,0.002104954940598677,0.0009420130851671229,6.0,4.086956521739131,2.0
F7,ALO,0.2001941479806472,0.3672165617827646,0.12570627394215228,9.0,5.478260869565218,6.0
F7,SCA,0.008521124368704742,0.17004845196972343,0.2189469238295066,7.0,7.3478260869565215,9.0
F7,SSA,0.05990652335646369,0.17420706717851722,0.06428856671862222,8.0,4.6521739130434785,5.0
F7,AOA,2.747750069698185e-07,6.493966782116593e-05,5.042477785165264e-05,1.0,5.608695652173913,7.0
F7,RSA,2.747750069698185e-07,0.00015089393084100514,0.0001164036314989026,4.0,4.608695652173913,4.0
F7,SHO,1.0468822173596278e-06,6.764424512194067e-05,4.8115771813828204e-05,2.0,6.130434782608695,8.0
F7,GJO,1.99096757774336e-05,0.0005926206902335441,0.0005825397215197264,5.0,4.217391304347826,3.0
F8,SCHO,-12569.042163397447,-7330.6879735550465,2735.461573464441,2.0,2.869565217391304,1.0
F8,GWO,-7424.167106642665,-5798.071281670803,701.2794651727952,3.0,4.086956521739131,2.0
F8,ALO,-9549.101380801358,-5719.80974250415,926.9129026713856,4.0,5.478260869565218,6.0
F8,SCA,-4383.733530041036,-3759.1563523022164,299.12442228032234,7.0,7.3478260869565215,9.0
F8,SSA,-8975.191189736157,-7574.74470996979,785.13904083984,1.0,4.6521739130434785,5.0
F8,AOA,-3852.8970242173737,-2761.9297805496503,485.495648595075,9.0,5.608695652173913,7.0
F8,RSA,-5647.311688012741,-5367.888710059571,428.20689070844173,5.0,4.608695652173913,4.0
F8,SHO,-4071.801882980085,-2975.1441260620677,558.2225601250724,8.0,6.130434782608695,8.0
F8,GJO,-6341.493510093744,-4002.014326890116,1210.4468786218486,6.0,4.217391304347826,3.0
F9,SCHO,0.0,0.0,0.0,3.0,2.869565217391304,1.0
F9,GWO,0.0,3.2791628819010947,3.9332269697525484,6.0,4.086956521739131,2.0
F9,ALO,31.838875348335378,63.18032901473087,23.54038176954411,9.0,5.478260869565218,6.0
F9,SCA,0.04199870205833989,33.623109752848364,27.924968049613014,7.0,7.3478260869565215,9.0
F9,SSA,26.863874437602295,56.579900634030345,17.57001601302774,8.0,4.6521739130434785,5.0
F9,AOA,0.0,0.0,0.0,3.0,5.608695652173913,7.0
F9,RSA,0.0,0.0,0.0,3.0,4.608695652173913,4.0
F9,SHO,0.0,0.0,0.0,3.0,6.130434782608695,8.0
F9,GJO,0.0,0.0,0.0,3.0,4.217391304347826,3.0
F10,SCHO,4.440892098500626e-16,4.440892098500626e-16,0.0,2.0,2.869565217391304,1.0
F10,GWO,6.794564910705958e-14,1.0063061495202419e-13,1.7213571298283342e-14,6.0,4.086956521739131,2.0
F10,ALO,2.2210700476661676,7.383242547032597,4.683367319598465,8.0,5.478260869565218,6.0
F10,SCA,0.04311065742811637,13.406721071252436,8.81591447687847,9.0,7.3478260869565215,9.0
F10,SSA,0.6288050777036216,2.8411743288863436,0.9040534622985789,7.0,4.6521739130434785,5.0
F10,AOA,4.440892098500626e-16,4.440892098500626e-16,0.0,2.0,5.608695652173913,7.0
F10,RSA,4.440892098500626e-16,4.440892098500626e-16,0.0,2.0,4.608695652173913,4.0
F10,SHO,4.440892098500626e-16,5.625129991434126e-16,6.486338074120657e-16,4.0,6.130434782608695,8.0
F10,GJO,3.9968028886505635e-15,7.0758214102776645e-15,2.0298303970042964e-15,5.0,4.217391304347826,3.0
F11,SCHO,0.0,0.0,0.0,3.0,2.869565217391304,1.0
F11,GWO,0.0,0.002842732105494498,0.006919159064148363,6.0,4.086956521739131,2.0
F11,ALO,0.021411076972229215,0.06842628816706035,0.030653720886128142,8.0,5.478260869565218,6.0
F11,SCA,0.2683753240886966,0.9831361554391578,0.2273143187683399,9.0,7.3478260869565215,9.0
F11,SSA,0.0009058611311181242,0.018415543810313764,0.010648546789878583,7.0,4.6521739130434785,5.0
F11,AOA,0.0,0.0,0.0,3.0,5.608695652173913,7.0
F11,RSA,0.0,0.0,0.0,3.0,4.608695652173913,4.0
F11,SHO,0.0,0.0,0.0,3.0,6.130434782608695,8.0
F11,GJO,0.0,0.0,0.0,3.0,4.217391304347826,3.0
F12,SCHO,2.4508597262262492e-09,0.27797407424104503,0.45750534993647596,3.0,2.869565217391304,1.0
F12,GWO,0.017366526754018105,0.04737360661521252,0.01850652757070682,1.0,4.086956521739131,2.0
F12,ALO,7.728594037513358,17.120202227088626,6.207507552844573,8.0,5.478260869565218,6.0
F12,SCA,0.5989582876229367,21733.866185230392,67154.36689550627,9.0,7.3478260869565215,9.0
F12,SSA,2.806686629284442,6.977578786431897,2.7793180976118164,7.0,4.6521739130434785,5.0
F12,AOA,1.3690521731208067,1.6515848215112556,0.0568020253291019,6.0,5.608695652173913,7.0
F12,RSA,0.4021964358534665,1.3154908932821952,0.42667581882770894,5.0,4.608695652173913,4.0
F12,SHO,0.4643836900223938,0.8277594375673689,0.18262094546251106,4.0,6.130434782608695,8.0
F12,GJO,0.09692887322475877,0.23310582055774492,0.1379928197993866,2.0,4.217391304347826,3.0
F13,SCHO,1.427470895374975e-07,1.349836846029414,1.0009939459073949,3.0,2.869565217391304,1.0
F13,GWO,0.20411585593748885,0.5791880166109363,0.21517513715836484,2.0,4.086956521739131,2.0
F13,ALO,0.7153954617425164,49.00580663806559,21.31142570940436,8.0,5.478260869565218,6.0
F13,SCA,3.5144212630254064,259066.85515907203,1192915.0397040125,9.0,7.3478260869565215,9.0
F13,SSA,0.1918379873076838,17.829293900969297,14.919376589523488,7.0,4.6521739130434785,5.0
F13,AOA,3.0,3.0,0.0,6.0,5.608695652173913,7.0
F13,RSA,6.052953134889672e-30,0.4,1.0372377109252813,1.0,4.608695652173913,4.0
F13,SHO,2.673675408926651,2.9489252913951773,0.06747249014394162,5.0,6.130434782608695,8.0
F13,GJO,1.1853676388664711,1.5968334133989301,0.22990805792321167,4.0,4.217391304347826,3.0
F14,SCHO,0.9980038377956877,3.5386512291585395,4.246782794346455,4.0,2.869565217391304,1.0
F14,GWO,0.9980038377957854,4.487022111380957,4.412326500925992,5.0,4.086956521739131,2.0
F14,ALO,0.9980038377944498,3.190088272147365,3.369464937867306,3.0,5.478260869565218,6.0
F14,SCA,0.9980040320251354,1.8586190079098122,0.9992583748701752,2.0,7.3478260869565215,9.0
F14,SSA,0.9980038377944496,0.9980038377944498,2.142511238099088e-16,1.0,4.6521739130434785,5.0
F14,AOA,2.4227858613295914,11.44099018855164,2.8353084912150583,9.0,5.608695652173913,7.0
F14,RSA,1.0080621874015048,5.093949577791363,3.816504127899273,6.0,4.608695652173913,4.0
F14,SHO,1.0088721462831456,8.63212885557612,3.9776239311905055,8.0,6.130434782608695,8.0
F14,GJO,0.9980038378574012,6.7911509664779945,4.914400286817923,7.0,4.217391304347826,3.0
F15,SCHO,0.0003077648582130732,0.000327086928171355,1.8054233568453238e-05,1.0,2.869565217391304,1.0
F15,GWO,0.0003088560933697006,0.003859943730096754,0.007513994700157372,7.0,4.086956521739131,2.0
F15,ALO,0.0005958787640677097,0.001635891180304028,0.0022048764384537908,4.0,5.478260869565218,6.0
F15,SCA,0.00045818533468568824,0.0011111708860335654,0.0003505787297635181,3.0,7.3478260869565215,9.0
F15,SSA,0.0003486744085392033,0.0008422683785653082,0.0002457984461314947,2.0,4.6521739130434785,5.0
F15,AOA,0.01594219647042139,0.10632991372960951,0.048010344824005374,9.0,5.608695652173913,7.0
F15,RSA,0.0007431483650523538,0.0026343053489724633,0.0020496667112337584,6.0,4.608695652173913,4.0
F15,SHO,0.00032867667048947776,0.012896009905296546,0.018523231852572923,8.0,6.130434782608695,8.0
F15,GJO,0.0003171282850344247,0.0018874966827487011,0.005030053694784083,5.0,4.217391304347826,3.0
F16,SCHO,-1.0316284528078135,-1.0316284300630985,2.4104000853274904e-08,3.0,2.869565217391304,1.0
F16,GWO,-1.0316284520708647,-1.0316284299468077,2.2910503739869846e-08,4.0,4.086956521739131,2.0
F16,ALO,-1.0316284534898652,-1.0316284534897433,1.2260349521584523e-13,2.0,5.478260869565218,6.0
F16,SCA,-1.0316284261949384,-1.03158851662976,4.3682659665490675e-05,6.0,7.3478260869565215,9.0
F16,SSA,-1.0316284534898768,-1.0316284534898594,2.3055061007139555e-14,1.0,4.6521739130434785,5.0
F16,AOA,-0.9752849160492642,-0.48681033213198516,0.4127256840121139,9.0,5.608695652173913,7.0
F16,RSA,-1.0316253989132844,-1.0305462336719884,0.0011943520151102914,7.0,4.608695652173913,4.0
F16,SHO,-1.0316267374143644,-1.0170648655989025,0.04515808193954414,8.0,6.130434782608695,8.0
F16,GJO,-1.0316284415218702,-1.0316282801850938,1.5602588827564883e-07,5.0,4.217391304347826,3.0
F17,SCHO,0.39788743113709835,0.3978903317325324,2.9792837484746484e-06,3.0,2.869565217391304,1.0
F17,GWO,0.39788740880273465,0.39794749290321907,0.00031678025751756507,5.0,4.086956521739131,2.0
F17,ALO,0.39788735772973816,0.3978873577298144,6.923211931692179e-14,2.0,5.478260869565218,6.0
F17,SCA,0.3979304399057959,0.40014664742945527,0.002601875697729237,6.0,7.3478260869565215,9.0
F17,SSA,0.39788735772973816,0.39788735772976386,3.254355474791511e-14,1.0,4.6521739130434785,5.0
F17,AOA,0.3983309588488382,0.4108245558789635,0.011143188313505317,7.0,5.608695652173913,7.0
F17,RSA,0.39797309215055776,0.43369120058053234,0.06907486056377017,8.0,4.608695652173913,4.0
F17,SHO,0.39789522195685834,0.6725908153102587,0.30428264854161385,9.0,6.130434782608695,8.0
F17,GJO,0.3978873917864476,0.39790611810064896,2.4848909944985636e-05,4.0,4.217391304347826,3.0
F18,SCHO,3.0000000138307645,7.581967229943165,15.585037851471096,7.0,2.869565217391304,1.0
F18,GWO,3.0000002147529057,3.000021238395611,2.359786231491563e-05,4.0,4.086956521739131,2.0
F18,ALO,2.999999999999937,3.000000000000204,3.4079105600811844e-13,2.0,5.478260869565218,6.0
F18,SCA,3.0000000583642166,3.000101450045904,0.00013970172316726668,5.0,7.3478260869565215,9.0
F18,SSA,2.9999999999999467,3.000000000000171,2.8101206100262286e-13,1.0,4.6521739130434785,5.0
F18,AOA,3.020964228044348,70.75618145236271,92.48031195561903,9.0,5.608695652173913,7.0
F18,RSA,3.000000340212772,7.227626685750885,9.906272794692766,6.0,4.608695652173913,4.0
F18,SHO,3.0000014343264896,9.725760609535712,16.592879151544704,8.0,6.130434782608695,8.0
F18,GJO,3.0000000000919513,3.0000039035487864,6.670177865058615e-06,3.0,4.217391304347826,3.0
F19,SCHO,-3.8627797611179417,-3.8618902001976454,0.0023684505685034494,3.0,2.869565217391304,1.0
F19,GWO,-3.8627791816728667,-3.8606796114968946,0.003052874005128605,4.0,4.086956521739131,2.0
F19,ALO,-3.8627797873326526,-3.8627797873324488,3.8105039606804695e-13,1.0,5.478260869565218,6.0
F19,SCA,-3.8619124721791644,-3.854371134386119,0.0037996533633054145,6.0,7.3478260869565215,9.0
F19,SSA,-3.862779787332655,-3.862779787328964,1.1603335223516656e-11,2.0,4.6521739130434785,5.0
F19,AOA,-3.8604318277627647,-3.8519394316075592,0.0035393492054813856,7.0,5.608695652173913,7.0
F19,RSA,-3.860443542132006,-3.755547837859607,0.07993722652211298,8.0,4.608695652173913,4.0
F19,SHO,-3.8578724245600946,-3.4691093069259487,0.37545051904539645,9.0,6.130434782608695,8.0
F19,GJO,-3.862776375625425,-3.8604273093187946,0.003508105889251228,5.0,4.217391304347826,3.0
F20,SCHO,-3.3221333126080093,-3.268115527450003,0.07706500785902956,3.0,2.869565217391304,1.0
F20,GWO,-3.3223660288345034,-3.2740174885077735,0.06792805563251232,2.0,4.086956521739131,2.0
F20,ALO,-3.3223680114152816,-3.2783982572542345,0.05877837031467001,1.0,5.478260869565218,6.0
F20,SCA,-3.145960792706478,-2.8673093297120844,0.3987443360392753,7.0,7.3478260869565215,9.0
F20,SSA,-3.3223680114150596,-3.2097506237531577,0.0531553233128312,4.0,4.6521739130434785,5.0
F20,AOA,-3.1885197266389445,-3.04675373081566,0.10304379685964479,6.0,5.608695652173913,7.0
F20,RSA,-3.0047333675192047,-2.472897140556596,0.44683531508121693,8.0,4.608695652173913,4.0
F20,SHO,-3.0744111232011226,-2.0129246297802337,0.602899385612037,9.0,6.130434782608695,8.0
F20,GJO,-3.3223515166429296,-3.1486707646054564,0.13331109212958783,5.0,4.217391304347826,3.0
F21,SCHO,-10.1531965737984,-8.796057576788062,2.2798134412463646,2.0,2.869565217391304,1.0
F21,GWO,-10.152642355649999,-9.814392267919146,1.2820136413221859,1.0,4.086956521739131,2.0
F21,ALO,-10.153199679016488,-6.031436363911404,2.912400787837329,5.0,5.478260869565218,6.0
F21,SCA,-4.9264890168510105,-2.2309451678475587,1.7354795592875008,9.0,7.3478260869565215,9.0
F21,SSA,-10.153199679035163,-6.993157132561174,3.7008550768473802,4.0,4.6521739130434785,5.0
F21,AOA,-5.347101714548868,-3.5046383472674516,0.948245639177415,7.0,5.608695652173913,7.0
F21,RSA,-5.055197503564487,-5.05519613416837,4.394004701838154e-07,6.0,4.608695652173913,4.0
F21,SHO,-8.317904373054896,-3.0451790505203165,1.7018397092775113,8.0,6.130434782608695,8.0
F21,GJO,-10.150556542438737,-8.385308224927272,2.797282329947687,3.0,4.217391304347826,3.0
F22,SCHO,-10.402842392845315,-9.33642620256563,2.1534005958256275,3.0,2.869565217391304,1.0
F22,GWO,-10.40244261859603,-10.40108978793703,0.0008699716978879736,1.0,4.086956521739131,2.0
F22,ALO,-10.402940566807985,-6.02763707308083,3.028259890516301,5.0,5.478260869565218,6.0
F22,SCA,-5.170578856420226,-2.9756746889284806,1.7097516064371558,8.0,7.3478260869565215,9.0
F22,SSA,-10.402940566809823,-8.697866158115785,3.1698931102345695,4.0,4.6521739130434785,5.0
F22,AOA,-6.502448514588603,-3.9355582379498726,1.4410567183466707,7.0,5.608695652173913,7.0
F22,RSA,-5.087670126188913,-5.087667829718134,9.259345823247308e-07,6.0,4.608695652173913,4.0
F22,SHO,-4.873724140007227,-2.6034523910911513,1.196514345090874,9.0,6.130434782608695,8.0
F22,GJO,-10.40040471540939,-10.0391907297611,1.3415713429436795,2.0,4.217391304347826,3.0
F23,SCHO,-10.53626654051532,-9.125356316648064,2.641466483708876,3.0,2.869565217391304,1.0
F23,GWO,-10.535983397845063,-10.53452647265656,0.0012647829458336272,1.0,4.086956521739131,2.0
F23,ALO,-10.536409816657256,-6.840821555492652,3.6350593810682876,5.0,5.478260869565218,6.0
F23,SCA,-6.556187462935399,-3.9833114583979152,1.3693517898628944,8.0,7.3478260869565215,9.0
F23,SSA,-10.536409816688503,-8.98856281084138,3.1495143576536164,4.0,4.6521739130434785,5.0
F23,AOA,-6.843839439572793,-3.9865786365066973,1.324552602461855,7.0,5.608695652173913,7.0
F23,RSA,-5.1284788032863045,-5.128473680886888,2.0366748777947153e-06,6.0,4.608695652173913,4.0
F23,SHO,-4.855265113618294,-2.780659805612452,1.188774497666529,9.0,6.130434782608695,8.0
F23,GJO,-10.533634896269852,-9.842883510855026,2.102797422725625,2.0,4.217391304347826,3.0
