Dimension,Comparator,Function,U,PValue,SCHO_Mean,Comparator_Mean,SCHO_Median,Comparator_Median,MeanRankDelta_SCHO_minus_Comparator,Symbol
100,GWO,F1,0.0,1.2117803970059759e-12,0.0,1.213037236468124e-12,0.0,9.63713903168267e-13,-30.0,+
100,GWO,F2,0.0,1.2709849497708895e-11,4.27114858166035e-262,4.0010358529933975e-08,0.0,3.9616367351002397e-08,-30.0,+
100,GWO,F3,0.0,1.2117803970059759e-12,0.0,667.128040266677,0.0,518.9619669838924,-30.0,+
100,GWO,F4,0.0,1.7894851037736772e-11,6.35646047068111e-251,0.8172174023939113,0.0,0.5164711743595629,-30.0,+
100,GWO,F5,900.0,3.019859359162157e-11,98.89215441081205,97.86212524231148,98.94814535317644,98.24711869379857,30.0,-
100,GWO,F6,630.0,0.007958995661045572,12.667422784802788,10.016626157221848,16.487427885504786,9.931350424680858,12.0,-
100,GWO,F7,0.0,3.019859359162157e-11,7.193890143068213e-05,0.00758977196456541,4.580303732113537e-05,0.007216285629927831,-30.0,+
100,GWO,F8,665.0,0.0015177961906131159,-14398.201548524758,-15612.245047027403,-11401.3507928121,-15849.261677036779,14.333333333333332,-
100,GWO,F9,0.0,1.2117803970059759e-12,0.0,11.385090467286032,0.0,10.180700410093023,-30.0,+
100,GWO,F10,0.0,1.2117803970059759e-12,4.440892098500626e-16,1.3280763827931233e-07,4.440892098500626e-16,1.2406716054513822e-07,-30.0,+
100,GWO,F11,0.0,1.2117803970059759e-12,0.0,0.006036731773285982,0.0,7.280842595491777e-13,-30.0,+
100,GWO,F12,720.0,6.765008246371499e-05,0.9171758559995229,0.31252446610856127,1.1222029139351561,0.297752337772594,18.0,-
100,GWO,F13,900.0,3.019859359162157e-11,9.880470448327909,6.674625117248514,9.893533745494278,6.770776120470568,30.0,-
100,ALO,F1,0.0,1.2117803970059759e-12,0.0,2490.5727979632957,0.0,2194.0069385046045,-30.0,+
100,ALO,F2,0.0,1.2709849497708895e-11,4.27114858166035e-262,77865440439.58626,0.0,309.2723948254885,-30.0,+
100,ALO,F3,0.0,1.2117803970059759e-12,0.0,73597.45483223615,0.0,63835.309579783396,-30.0,+
100,ALO,F4,0.0,1.7894851037736772e-11,6.35646047068111e-251,35.17582618612117,0.0,35.838274206507556,-30.0,+
100,ALO,F5,0.0,3.019859359162157e-11,98.89215441081205,558576.6937203675,98.94814535317644,377748.91943578486,-30.0,+
100,ALO,F6,0.0,3.019859359162157e-11,12.667422784802788,2606.988371669764,16.487427885504786,2305.027555786618,-30.0,+
100,ALO,F7,0.0,3.019859359162157e-11,7.193890143068213e-05,4.8312498313887025,4.580303732113537e-05,4.24476845805593,-30.0,+
100,ALO,F8,750.0,2.2081125829035794e-06,-14398.201548524758,-18058.91585313918,-11401.3507928121,-18058.915853139177,20.0,-
100,ALO,F9,0.0,1.2117803970059759e-12,0.0,294.8906064817317,0.0,286.79357804020503,-30.0,+
100,ALO,F10,0.0,1.2117803970059759e-12,4.440892098500626e-16,14.572350183806574,4.440892098500626e-16,14.62983043270159,-30.0,+
100,ALO,F11,0.0,1.2117803970059759e-12,0.0,23.518562469404447,0.0,21.219646389592192,-30.0,+
100,ALO,F12,0.0,3.019859359162157e-11,0.9171758559995229,610.434732793841,1.1222029139351561,191.53495966305942,-30.0,+
100,ALO,F13,0.0,3.019859359162157e-11,9.880470448327909,155697.49291820131,9.893533745494278,88446.84883606387,-30.0,+
100,SCA,F1,0.0,1.2117803970059759e-12,0.0,10546.076221733798,0.0,9091.371184042935,-30.0,+
100,SCA,F2,0.0,1.2709849497708895e-11,4.27114858166035e-262,9.866726925167942,0.0,6.492748695950655,-30.0,+
100,SCA,F3,0.0,1.2117803970059759e-12,0.0,240336.59025749654,0.0,232716.26654860826,-30.0,+
100,SCA,F4,0.0,1.7894851037736772e-11,6.35646047068111e-251,90.02288983570857,0.0,89.89618862044833,-30.0,+
100,SCA,F5,0.0,3.019859359162157e-11,98.89215441081205,111426647.2976766,98.94814535317644,120506056.02506536,-30.0,+
100,SCA,F6,0.0,3.019859359162157e-11,12.667422784802788,10756.623405621276,16.487427885504786,8000.495706848766,-30.0,+
100,SCA,F7,0.0,3.019859359162157e-11,7.193890143068213e-05,142.20571271886152,4.580303732113537e-05,120.0908480009021,-30.0,+
100,SCA,F8,0.0,3.019859359162157e-11,-14398.201548524758,-6789.424871756362,-11401.3507928121,-6771.645551777817,-30.0,+
100,SCA,F9,0.0,1.2117803970059759e-12,0.0,299.3796244349925,0.0,273.5690050260195,-30.0,+
100,SCA,F10,0.0,1.2117803970059759e-12,4.440892098500626e-16,19.173729595686805,4.440892098500626e-16,20.589599644702645,-30.0,+
100,SCA,F11,0.0,1.2117803970059759e-12,0.0,95.91468599560446,0.0,82.8223406563865,-30.0,+
100,SCA,F12,0.0,3.019859359162157e-11,0.9171758559995229,330309019.67509943,1.1222029139351561,299312085.6124863,-30.0,+
100,SCA,F13,0.0,3.019859359162157e-11,9.880470448327909,658920250.2896582,9.893533745494278,580887589.2233629,-30.0,+
100,SSA,F1,0.0,1.2117803970059759e-12,0.0,1386.4035930013538,0.0,1374.6294089975859,-30.0,+
100,SSA,F2,0.0,1.2709849497708895e-11,4.27114858166035e-262,46.52990473805233,0.0,45.53370901020624,-30.0,+
100,SSA,F3,0.0,1.2117803970059759e-12,0.0,56382.99462824964,0.0,51624.345912758785,-30.0,+
100,SSA,F4,0.0,1.7894851037736772e-11,6.35646047068111e-251,29.126925778892495,0.0,28.31912613683634,-30.0,+
100,SSA,F5,0.0,3.019859359162157e-11,98.89215441081205,154004.90485461277,98.94814535317644,135606.18076527904,-30.0,+
100,SSA,F6,0.0,3.019859359162157e-11,12.667422784802788,1420.9699925800157,16.487427885504786,1499.0818685621928,-30.0,+
100,SSA,F7,0.0,3.019859359162157e-11,7.193890143068213e-05,2.62110438580641,4.580303732113537e-05,2.4766317227974346,-30.0,+
100,SSA,F8,754.0,7.220829977875534e-06,-14398.201548524758,-21622.554468937746,-11401.3507928121,-21210.50997590471,20.266666666666666,-
100,SSA,F9,0.0,1.2117803970059759e-12,0.0,245.85823467951562,0.0,240.3870638514432,-30.0,+
100,SSA,F10,0.0,1.2117803970059759e-12,4.440892098500626e-16,10.023823815169296,4.440892098500626e-16,9.953996208992873,-30.0,+
100,SSA,F11,0.0,1.2117803970059759e-12,0.0,13.477632337012189,0.0,13.371664680978274,-30.0,+
100,SSA,F12,0.0,3.019859359162157e-11,0.9171758559995229,36.33885358772576,1.1222029139351561,35.64420494322097,-30.0,+
100,SSA,F13,0.0,3.019859359162157e-11,9.880470448327909,5228.237920225631,9.893533745494278,1299.3701387089761,-30.0,+
100,AOA,F1,450.0,1.0,0.0,0.0,0.0,0.0,0.0,~
100,AOA,F2,600.0,0.0006616739106290902,4.27114858166035e-262,0.0,0.0,0.0,10.0,-
100,AOA,F3,450.0,1.0,0.0,0.0,0.0,0.0,0.0,~
100,AOA,F4,645.0,6.609642240785548e-05,6.35646047068111e-251,0.0,0.0,0.0,13.0,-
100,AOA,F5,0.0,1.2117803970059759e-12,98.89215441081205,99.0,98.94814535317644,99.0,-30.0,+
100,AOA,F6,0.0,2.3656735830142044e-12,12.667422784802788,24.995069906309833,16.487427885504786,25.0,-30.0,+
100,AOA,F7,478.5,0.6788120498560979,7.193890143068213e-05,6.399854999849334e-05,4.580303732113537e-05,4.364542338580746e-05,1.8999999999999986,~
100,AOA,F8,0.0,3.019859359162157e-11,-14398.201548524758,-5334.712238323557,-11401.3507928121,-5288.027252246653,-30.0,+
100,AOA,F9,450.0,1.0,0.0,0.0,0.0,0.0,0.0,~
100,AOA,F10,450.0,1.0,4.440892098500626e-16,4.440892098500626e-16,4.440892098500626e-16,4.440892098500626e-16,0.0,~
100,AOA,F11,450.0,1.0,0.0,0.0,0.0,0.0,0.0,~
100,AOA,F12,0.0,1.2117803970059759e-12,0.9171758559995229,1.3253594007331935,1.1222029139351561,1.325359400733194,-30.0,+
100,AOA,F13,26.0,3.9618019345019995e-11,9.880470448327909,9.993675464241724,9.893533745494278,10.0,-28.266666666666666,+
100,RSA,F1,450.0,1.0,0.0,0.0,0.0,0.0,0.0,~
100,RSA,F2,600.0,0.0006616739106290902,4.27114858166035e-262,0.0,0.0,0.0,10.0,-
100,RSA,F3,450.0,1.0,0.0,0.0,0.0,0.0,0.0,~
100,RSA,F4,645.0,6.609642240785548e-05,6.35646047068111e-251,0.0,0.0,0.0,13.0,-
100,RSA,F5,0.0,1.2117803970059759e-12,98.89215441081205,99.0,98.94814535317644,99.0,-30.0,+
100,RSA,F6,0.0,1.7202510031315483e-12,12.667422784802788,24.975700342315868,16.487427885504786,25.0,-30.0,+
100,RSA,F7,365.5,0.2141682592107622,7.193890143068213e-05,0.00011612476077302128,4.580303732113537e-05,6.223454072079582e-05,-5.633333333333336,~
100,RSA,F8,714.0,9.772044861879143e-05,-14398.201548524758,-16314.343937544601,-11401.3507928121,-16433.613426356653,17.599999999999998,-
100,RSA,F9,450.0,1.0,0.0,0.0,0.0,0.0,0.0,~
100,RSA,F10,450.0,1.0,4.440892098500626e-16,4.440892098500626e-16,4.440892098500626e-16,4.440892098500626e-16,0.0,~
100,RSA,F11,450.0,1.0,0.0,0.0,0.0,0.0,0.0,~
100,RSA,F12,0.0,1.2117803970059759e-12,0.9171758559995229,1.3253594007331935,1.1222029139351561,1.325359400733194,-30.0,+
100,RSA,F13,0.0,1.2117803970059759e-12,9.880470448327909,10.0,9.893533745494278,10.0,-30.0,+
100,SHO,F1,0.0,1.2117803970059759e-12,0.0,1.2898825405512023e-187,0.0,6.19029183076001e-191,-30.0,+
100,SHO,F2,0.0,1.2709849497708895e-11,4.27114858166035e-262,2.279330188570466e-102,0.0,2.570160422689679e-103,-30.0,+
100,SHO,F3,0.0,1.2117803970059759e-12,0.0,1.1616317550587516e-140,0.0,6.140974191517519e-150,-30.0,+
100,SHO,F4,0.0,1.7894851037736772e-11,6.35646047068111e-251,3.608943321788903e-82,0.0,1.0102479469611948e-83,-30.0,+
100,SHO,F5,501.0,0.4552969069031376,98.89215441081205,98.9331238897698,98.94814535317644,98.93401177354593,3.400000000000002,~
100,SHO,F6,1.0,3.3383888204287995e-11,12.667422784802788,23.357769565427184,16.487427885504786,23.45926026207139,-29.933333333333337,+
100,SHO,F7,465.0,0.8302552839111963,7.193890143068213e-05,5.7397729786235443e-05,4.580303732113537e-05,5.381205606861175e-05,1.0,~
100,SHO,F8,0.0,3.019859359162157e-11,-14398.201548524758,-5419.576127568749,-11401.3507928121,-5282.672455898488,-30.0,+
100,SHO,F9,450.0,1.0,0.0,0.0,0.0,0.0,0.0,~
100,SHO,F10,420.0,0.16074199750363027,4.440892098500626e-16,6.809367884367627e-16,4.440892098500626e-16,4.440892098500626e-16,-2.0,~
100,SHO,F11,450.0,1.0,0.0,0.0,0.0,0.0,0.0,~
100,SHO,F12,487.0,0.5894511694056184,0.9171758559995229,1.082561394904599,1.1222029139351561,1.0849340738028048,2.4666666666666686,~
100,SHO,F13,2.0,3.6897258539809896e-11,9.880470448327909,9.984228579315895,9.893533745494278,9.993477710914746,-29.866666666666664,+
100,GJO,F1,0.0,1.2117803970059759e-12,0.0,6.266083922904467e-28,0.0,2.5391332838073467e-28,-30.0,+
100,GJO,F2,0.0,1.2709849497708895e-11,4.27114858166035e-262,1.1170295761187682e-17,0.0,1.0537638402373026e-17,-30.0,+
100,GJO,F3,0.0,1.2117803970059759e-12,0.0,2.029212310246952,0.0,0.010561597212787759,-30.0,+
100,GJO,F4,0.0,1.7894851037736772e-11,6.35646047068111e-251,7.3602382067492576,0.0,2.362185770626596,-30.0,+
100,GJO,F5,900.0,3.019859359162157e-11,98.89215441081205,98.33672829476556,98.94814535317644,98.46826132544103,30.0,-
100,GJO,F6,476.0,0.7061714882812296,12.667422784802788,16.392500519704463,16.487427885504786,16.426385655628394,1.7333333333333343,~
100,GJO,F7,4.0,4.504322112705282e-11,7.193890143068213e-05,0.0013065756070519247,4.580303732113537e-05,0.0011502895182325542,-29.733333333333334,+
100,GJO,F8,331.0,0.07978164712498097,-14398.201548524758,-10225.021775243526,-11401.3507928121,-11079.839694381972,-7.933333333333334,~
100,GJO,F9,450.0,1.0,0.0,0.0,0.0,0.0,0.0,~
100,GJO,F10,0.0,1.0205216171180424e-12,4.440892098500626e-16,5.337952302397753e-14,4.440892098500626e-16,5.0182080713057076e-14,-30.0,+
100,GJO,F11,450.0,1.0,0.0,0.0,0.0,0.0,0.0,~
100,GJO,F12,703.0,0.00018916193602108462,0.9171758559995229,0.600628044608424,1.1222029139351561,0.5867280302562257,16.866666666666664,-
100,GJO,F13,900.0,3.019859359162157e-11,9.880470448327909,8.32692929572404,9.893533745494278,8.38762624779267,30.0,-
