Function,Dimension,Run,OptimizerSeed,ObjectiveSeed,Population,MaxIter,LowerBound,UpperBound,Optimum,BestScore,Curve0,CurveLast,ElapsedSeconds,Status
F1,100,4,1003,8000104,30,500,-100.0,100.0,0.0,0.0,276892.4541942075,0.0,5.941199400011101,PASS
F1,100,3,1002,8000103,30,500,-100.0,100.0,0.0,0.0,265489.40608131007,0.0,5.995008300000336,PASS
F1,100,2,1001,8000102,30,500,-100.0,100.0,0.0,0.0,282175.0067001475,0.0,6.096289599998272,PASS
F1,100,1,1000,8000101,30,500,-100.0,100.0,0.0,0.0,263830.7029906512,0.0,6.107798900004127,PASS
F1,100,6,1005,8000106,30,500,-100.0,100.0,0.0,0.0,286273.6687918273,0.0,6.462629599991487,PASS
F1,100,5,1004,8000105,30,500,-100.0,100.0,0.0,0.0,261169.7302934468,0.0,6.6078522999887355,PASS
F1,100,7,1006,8000107,30,500,-100.0,100.0,0.0,0.0,283513.6744169444,0.0,6.599224499994307,PASS
F1,100,8,1007,8000108,30,500,-100.0,100.0,0.0,0.0,260678.14275367014,0.0,6.6539171999902464,PASS
F1,100,12,1011,8000112,30,500,-100.0,100.0,0.0,0.0,259604.05852327953,0.0,7.3149185000074795,PASS
F1,100,10,1009,8000110,30,500,-100.0,100.0,0.0,0.0,279355.47638011427,0.0,7.386252499985858,PASS
F1,100,11,1010,8000111,30,500,-100.0,100.0,0.0,0.0,269192.84242565493,0.0,7.377060500002699,PASS
F1,100,9,1008,8000109,30,500,-100.0,100.0,0.0,0.0,274889.2776216582,0.0,7.463642899994738,PASS
F1,100,13,1012,8000113,30,500,-100.0,100.0,0.0,0.0,281421.069609549,0.0,7.253278000003775,PASS
F1,100,14,1013,8000114,30,500,-100.0,100.0,0.0,0.0,259662.3847841721,0.0,7.248876400000881,PASS
F1,100,15,1014,8000115,30,500,-100.0,100.0,0.0,0.0,295249.32804785407,0.0,7.5443418999930145,PASS
F1,100,16,1015,8000116,30,500,-100.0,100.0,0.0,0.0,272419.9065026699,0.0,7.529636899998877,PASS
F1,100,18,1017,8000118,30,500,-100.0,100.0,0.0,0.0,261673.8167561358,0.0,6.971044200006872,PASS
F1,100,20,1019,8000120,30,500,-100.0,100.0,0.0,0.0,285837.83567927504,0.0,7.022569499997189,PASS
F1,100,17,1016,8000117,30,500,-100.0,100.0,0.0,0.0,247870.40344044182,0.0,7.0800351000070805,PASS
F1,100,19,1018,8000119,30,500,-100.0,100.0,0.0,0.0,263642.5088735378,0.0,7.120357400010107,PASS
F1,100,24,1023,8000124,30,500,-100.0,100.0,0.0,0.0,263136.3661624619,0.0,7.479185200005304,PASS
F1,100,21,1020,8000121,30,500,-100.0,100.0,0.0,0.0,269351.246901772,0.0,7.726707699999679,PASS
F1,100,23,1022,8000123,30,500,-100.0,100.0,0.0,0.0,281788.1215393028,0.0,7.670773200006806,PASS
F1,100,22,1021,8000122,30,500,-100.0,100.0,0.0,0.0,285632.9469765484,0.0,7.7541772999975365,PASS
F1,100,25,1024,8000125,30,500,-100.0,100.0,0.0,0.0,239385.95233995526,0.0,6.258011500001885,PASS
F1,100,26,1025,8000126,30,500,-100.0,100.0,0.0,0.0,277013.89501828904,0.0,6.543645800004015,PASS
F1,100,27,1026,8000127,30,500,-100.0,100.0,0.0,0.0,269069.58351314365,0.0,6.5712768999947,PASS
F1,100,28,1027,8000128,30,500,-100.0,100.0,0.0,0.0,251950.4391974837,0.0,6.626974799990421,PASS
F1,100,29,1028,8000129,30,500,-100.0,100.0,0.0,0.0,281364.8533838807,0.0,7.077463400011766,PASS
F2,100,1,1000,8000201,30,500,-10.0,10.0,0.0,0.0,7.0565078395735096e+47,0.0,6.901690200000303,PASS
F2,100,2,1001,8000202,30,500,-10.0,10.0,0.0,1.2553230010383658e-264,7.070946053003742e+49,1.2553230010383658e-264,6.921141300001182,PASS
F1,100,30,1029,8000130,30,500,-100.0,100.0,0.0,0.0,267152.5826946141,0.0,7.117131999999401,PASS
F2,100,4,1003,8000204,30,500,-10.0,10.0,0.0,0.0,3.620965141174472e+45,0.0,7.277034099999582,PASS
F2,100,3,1002,8000203,30,500,-10.0,10.0,0.0,3.478296814457113e-271,2.5504968864220497e+45,3.478296814457113e-271,7.300660599998082,PASS
F2,100,5,1004,8000205,30,500,-10.0,10.0,0.0,0.0,4.428496042055844e+42,0.0,7.362312799989013,PASS
F2,100,6,1005,8000206,30,500,-10.0,10.0,0.0,0.0,1.2307647283820845e+49,0.0,7.400577200009138,PASS
F2,100,7,1006,8000207,30,500,-10.0,10.0,0.0,0.0,8.622514279905705e+45,0.0,7.701385200009099,PASS
F2,100,10,1009,8000210,30,500,-10.0,10.0,0.0,0.0,7.430947116462873e+46,0.0,7.635208799998509,PASS
F2,100,9,1008,8000209,30,500,-10.0,10.0,0.0,1.2619727104344096e-260,8.153328459679485e+49,1.2619727104344096e-260,8.269613000011304,PASS
F2,100,8,1007,8000208,30,500,-10.0,10.0,0.0,1.244205695397775e-308,9.380018258416223e+47,1.244205695397775e-308,8.428750799997943,PASS
F2,100,12,1011,8000212,30,500,-10.0,10.0,0.0,0.0,4.520438162186547e+47,0.0,7.497308699996211,PASS
F2,100,11,1010,8000211,30,500,-10.0,10.0,0.0,8.56641134045452e-266,4.309025344188257e+43,8.56641134045452e-266,7.692890200007241,PASS
F2,100,13,1012,8000213,30,500,-10.0,10.0,0.0,1.0178954863920218e-280,1.0134887485519702e+48,1.0178954863920218e-280,7.704054400004679,PASS
F2,100,14,1013,8000214,30,500,-10.0,10.0,0.0,0.0,2.46283667609353e+47,0.0,7.802099399996223,PASS
F2,100,15,1014,8000215,30,500,-10.0,10.0,0.0,0.0,1.4472400499735014e+49,0.0,8.199661399994511,PASS
F2,100,16,1015,8000216,30,500,-10.0,10.0,0.0,0.0,5.0805872165586895e+45,0.0,8.094818799989298,PASS
F2,100,18,1017,8000218,30,500,-10.0,10.0,0.0,0.0,5.99539571933723e+44,0.0,8.649310900000273,PASS
F2,100,17,1016,8000217,30,500,-10.0,10.0,0.0,5.148561292388267e-274,1.9963278841073286e+46,5.148561292388267e-274,8.861922500000219,PASS
F2,100,22,1021,8000222,30,500,-10.0,10.0,0.0,1.9237764987884955e-262,2.8266324882167e+50,1.9237764987884955e-262,7.65759089999483,PASS
F2,100,20,1019,8000220,30,500,-10.0,10.0,0.0,0.0,3.693762599704221e+48,0.0,7.792379599995911,PASS
F2,100,21,1020,8000221,30,500,-10.0,10.0,0.0,0.0,2.3529037209033e+47,0.0,7.928923100000247,PASS
F2,100,19,1018,8000219,30,500,-10.0,10.0,0.0,0.0,1.4636424829783262e+46,0.0,8.036908199996105,PASS
F2,100,23,1022,8000223,30,500,-10.0,10.0,0.0,0.0,5.301819227881643e+47,0.0,8.206074200003059,PASS
F2,100,24,1023,8000224,30,500,-10.0,10.0,0.0,0.0,5.19642015548818e+48,0.0,8.384499800013145,PASS
F2,100,26,1025,8000226,30,500,-10.0,10.0,0.0,0.0,2.4748690202065674e+50,0.0,8.681698700005654,PASS
F2,100,25,1024,8000225,30,500,-10.0,10.0,0.0,0.0,4.206338331286012e+42,0.0,8.76295069999469,PASS
F2,100,30,1029,8000230,30,500,-10.0,10.0,0.0,3.295307862176356e-270,7.580395008662496e+47,3.295307862176356e-270,6.82604889999493,PASS
F2,100,28,1027,8000228,30,500,-10.0,10.0,0.0,0.0,7.643013213292163e+42,0.0,7.109545300001628,PASS
F2,100,27,1026,8000227,30,500,-10.0,10.0,0.0,9.017199066140078e-276,4.060465897735061e+47,9.017199066140078e-276,7.208046599989757,PASS
F2,100,29,1028,8000229,30,500,-10.0,10.0,0.0,0.0,1.7174186035725727e+45,0.0,7.330532199994195,PASS
F3,100,1,1000,8000301,30,500,-100.0,100.0,0.0,0.0,852199.7110845279,0.0,7.773229799990077,PASS
F3,100,2,1001,8000302,30,500,-100.0,100.0,0.0,0.0,1220009.6371546118,0.0,7.616862400012906,PASS
F3,100,3,1002,8000303,30,500,-100.0,100.0,0.0,0.0,1358062.1324247385,0.0,8.528433699990273,PASS
F3,100,4,1003,8000304,30,500,-100.0,100.0,0.0,0.0,938042.0208109544,0.0,8.367734799991013,PASS
F3,100,8,1007,8000308,30,500,-100.0,100.0,0.0,0.0,1518009.0891696736,0.0,7.91104940000514,PASS
F3,100,5,1004,8000305,30,500,-100.0,100.0,0.0,0.0,1416919.8866758118,0.0,7.980779599995003,PASS
F3,100,7,1006,8000307,30,500,-100.0,100.0,0.0,0.0,2276706.400437502,0.0,8.029172300011851,PASS
F3,100,6,1005,8000306,30,500,-100.0,100.0,0.0,0.0,953190.6056419223,0.0,8.190354299993487,PASS
F3,100,9,1008,8000309,30,500,-100.0,100.0,0.0,0.0,1877435.730938767,0.0,6.660228499997174,PASS
F3,100,11,1010,8000311,30,500,-100.0,100.0,0.0,0.0,941537.5565167082,0.0,6.676921699996456,PASS
F3,100,10,1009,8000310,30,500,-100.0,100.0,0.0,0.0,1224172.9419173182,0.0,6.940002799994545,PASS
F3,100,12,1011,8000312,30,500,-100.0,100.0,0.0,0.0,1063297.1501152918,0.0,7.009877100004815,PASS
F3,100,14,1013,8000314,30,500,-100.0,100.0,0.0,0.0,1292992.9435368048,0.0,7.39087770000333,PASS
F3,100,15,1014,8000315,30,500,-100.0,100.0,0.0,0.0,1245125.5144227108,0.0,7.4847871999954805,PASS
F3,100,13,1012,8000313,30,500,-100.0,100.0,0.0,0.0,2022382.3526250555,0.0,7.823192099996959,PASS
F3,100,16,1015,8000316,30,500,-100.0,100.0,0.0,0.0,1216550.7943785759,0.0,7.8363289999979315,PASS
F3,100,17,1016,8000317,30,500,-100.0,100.0,0.0,0.0,1736071.8951261858,0.0,7.798136599987629,PASS
F3,100,18,1017,8000318,30,500,-100.0,100.0,0.0,0.0,1224205.0145585143,0.0,7.717081399998278,PASS
F3,100,20,1019,8000320,30,500,-100.0,100.0,0.0,0.0,1110698.4632126836,0.0,7.7957783000019845,PASS
F3,100,19,1018,8000319,30,500,-100.0,100.0,0.0,0.0,1241045.7486015041,0.0,7.893531800000346,PASS
F3,100,24,1023,8000324,30,500,-100.0,100.0,0.0,0.0,1298576.344277988,0.0,6.3483599000028335,PASS
F3,100,22,1021,8000322,30,500,-100.0,100.0,0.0,0.0,2687988.902494778,0.0,6.4124412999954075,PASS
F3,100,21,1020,8000321,30,500,-100.0,100.0,0.0,0.0,1362888.0217191342,0.0,6.452048399994965,PASS
F3,100,23,1022,8000323,30,500,-100.0,100.0,0.0,0.0,1220051.6767641676,0.0,6.441745299991453,PASS
F3,100,26,1025,8000326,30,500,-100.0,100.0,0.0,0.0,841365.9936652245,0.0,6.8610764000040945,PASS
F3,100,25,1024,8000325,30,500,-100.0,100.0,0.0,0.0,2579653.6356280628,0.0,6.932017400002223,PASS
F3,100,27,1026,8000327,30,500,-100.0,100.0,0.0,0.0,923812.9670097517,0.0,7.01786579999316,PASS
F3,100,28,1027,8000328,30,500,-100.0,100.0,0.0,0.0,1699216.3954281455,0.0,7.046899399996619,PASS
F3,100,29,1028,8000329,30,500,-100.0,100.0,0.0,0.0,1472482.5588164574,0.0,6.348141800001031,PASS
F4,100,2,1001,8000402,30,500,-100.0,100.0,0.0,0.0,97.83216085150289,0.0,6.383326000010129,PASS
F4,100,1,1000,8000401,30,500,-100.0,100.0,0.0,5.845708566868615e-270,97.86593272980544,5.845708566868615e-270,6.486889200008591,PASS
F3,100,30,1029,8000330,30,500,-100.0,100.0,0.0,0.0,2971357.0523175607,0.0,6.562155099993106,PASS
F4,100,4,1003,8000404,30,500,-100.0,100.0,0.0,0.0,96.62722632661911,0.0,7.144640800004709,PASS
F4,100,5,1004,8000405,30,500,-100.0,100.0,0.0,0.0,95.71145466791053,0.0,7.1506396000040695,PASS
F4,100,3,1002,8000403,30,500,-100.0,100.0,0.0,1.7549451499375198e-252,93.39631651307167,1.7549451499375198e-252,7.995914200000698,PASS
F4,100,6,1005,8000406,30,500,-100.0,100.0,0.0,0.0,93.22822791028742,0.0,8.035256200004369,PASS
F4,100,10,1009,8000410,30,500,-100.0,100.0,0.0,0.0,98.33828548232668,0.0,6.738877600000706,PASS
F4,100,8,1007,8000408,30,500,-100.0,100.0,0.0,0.0,95.0360752842634,0.0,6.93038130000059,PASS
F4,100,7,1006,8000407,30,500,-100.0,100.0,0.0,0.0,97.02003346373813,0.0,7.021971200010739,PASS
F4,100,9,1008,8000409,30,500,-100.0,100.0,0.0,7.349140734773505e-275,95.49533092706311,7.349140734773505e-275,7.121296299999813,PASS
F4,100,11,1010,8000411,30,500,-100.0,100.0,0.0,1.9051755958897238e-249,95.2291273644658,1.9051755958897238e-249,7.0087069000001065,PASS
F4,100,14,1013,8000414,30,500,-100.0,100.0,0.0,0.0,96.60205655804444,0.0,7.168903600002523,PASS
F4,100,12,1011,8000412,30,500,-100.0,100.0,0.0,0.0,95.40939972492511,0.0,7.417232700012391,PASS
F4,100,13,1012,8000413,30,500,-100.0,100.0,0.0,4.625739941379695e-265,96.18878748178062,4.625739941379695e-265,7.506633400000283,PASS
F4,100,16,1015,8000416,30,500,-100.0,100.0,0.0,0.0,95.70413574169352,0.0,6.903390999999829,PASS
F4,100,18,1017,8000418,30,500,-100.0,100.0,0.0,0.0,96.50286120071006,0.0,6.987506899997243,PASS
F4,100,15,1014,8000415,30,500,-100.0,100.0,0.0,6.523092862203762e-255,97.0250800330237,6.523092862203762e-255,7.07794639999338,PASS
F4,100,17,1016,8000417,30,500,-100.0,100.0,0.0,1.3581597405376323e-257,92.98228949731282,1.3581597405376323e-257,7.214293999990332,PASS
F4,100,19,1018,8000419,30,500,-100.0,100.0,0.0,0.0,95.5170993358703,0.0,7.5764137000078335,PASS
F4,100,21,1020,8000421,30,500,-100.0,100.0,0.0,1.3486937556109304e-264,97.67070873275436,1.3486937556109304e-264,7.5587890000024345,PASS
F4,100,20,1019,8000420,30,500,-100.0,100.0,0.0,1.0634902101938411e-255,95.46717449439916,1.0634902101938411e-255,7.677259199990658,PASS
F4,100,22,1021,8000422,30,500,-100.0,100.0,0.0,0.0,96.45586987275034,0.0,7.6065434999909485,PASS
F4,100,24,1023,8000424,30,500,-100.0,100.0,0.0,0.0,96.95168557268627,0.0,6.930545499999425,PASS
F4,100,26,1025,8000426,30,500,-100.0,100.0,0.0,1.742866188293538e-288,97.73453678960988,1.742866188293538e-288,7.108322000000044,PASS
F4,100,25,1024,8000425,30,500,-100.0,100.0,0.0,0.0,92.9664107904681,0.0,7.214469600003213,PASS
F4,100,23,1022,8000423,30,500,-100.0,100.0,0.0,0.0,97.52837792693119,0.0,7.390119599993341,PASS
F4,100,27,1026,8000427,30,500,-100.0,100.0,0.0,7.074037932833228e-272,95.49002603980938,7.074037932833228e-272,9.301795400009723,PASS
F4,100,28,1027,8000428,30,500,-100.0,100.0,0.0,0.0,98.16914613608434,0.0,9.187383500000578,PASS
F4,100,29,1028,8000429,30,500,-100.0,100.0,0.0,7.533084031950253e-267,92.6233993127193,7.533084031950253e-267,9.304345199998352,PASS
F4,100,30,1029,8000430,30,500,-100.0,100.0,0.0,6.615983876387726e-275,97.15999327201705,6.615983876387726e-275,9.260720000005676,PASS
F5,100,1,1000,8000501,30,500,-30.0,30.0,0.0,98.77213347119023,1083625460.7899296,98.77213347119023,7.150228700003936,PASS
F5,100,3,1002,8000503,30,500,-30.0,30.0,0.0,98.98018638776692,1188719232.2815437,98.98018638776692,7.220886099996278,PASS
F5,100,4,1003,8000504,30,500,-30.0,30.0,0.0,98.7709304055945,1211323266.6668923,98.7709304055945,7.576418199998443,PASS
F5,100,2,1001,8000502,30,500,-30.0,30.0,0.0,98.94495537529622,1276732912.8779848,98.94495537529622,7.7360936000040965,PASS
F5,100,5,1004,8000505,30,500,-30.0,30.0,0.0,98.771114035665,1119461286.5589285,98.771114035665,8.663151200002176,PASS
F5,100,6,1005,8000506,30,500,-30.0,30.0,0.0,98.97397170751138,1193732370.5770328,98.97397170751138,8.729174199994304,PASS
F5,100,7,1006,8000507,30,500,-30.0,30.0,0.0,98.77114996534316,1304792421.7418387,98.77114996534316,8.68614959999104,PASS
F5,100,8,1007,8000508,30,500,-30.0,30.0,0.0,98.93859483465103,1078207675.3712745,98.93859483465103,8.790986899999552,PASS
F5,100,9,1008,8000509,30,500,-30.0,30.0,0.0,98.97985552092442,1158267668.0783296,98.97985552092442,6.295573000010336,PASS
F5,100,11,1010,8000511,30,500,-30.0,30.0,0.0,98.94612795332931,1181779799.125203,98.94612795332931,6.304024600001867,PASS
F5,100,10,1009,8000510,30,500,-30.0,30.0,0.0,98.7711739086447,1296046221.406335,98.7711739086447,6.322338099998888,PASS
F5,100,12,1011,8000512,30,500,-30.0,30.0,0.0,98.97545867424155,1124329019.0454128,98.97545867424155,6.560379200003808,PASS
F5,100,13,1012,8000513,30,500,-30.0,30.0,0.0,98.9564129621773,1151905516.830713,98.9564129621773,7.678349099995103,PASS
F5,100,16,1015,8000516,30,500,-30.0,30.0,0.0,98.95384681183405,1074514701.3211958,98.95384681183405,7.703343999994104,PASS
F5,100,14,1013,8000514,30,500,-30.0,30.0,0.0,98.95016275302358,1106569232.412709,98.95016275302358,7.993142999999691,PASS
F5,100,15,1014,8000515,30,500,-30.0,30.0,0.0,98.92063242068346,1283572649.5764606,98.92063242068346,8.000581100001,PASS
F5,100,19,1018,8000519,30,500,-30.0,30.0,0.0,98.7714056465579,1104769719.6146748,98.7714056465579,6.382556500000646,PASS
F5,100,20,1019,8000520,30,500,-30.0,30.0,0.0,98.97419321424282,1232325786.1546779,98.97419321424282,6.4722910999989836,PASS
F5,100,18,1017,8000518,30,500,-30.0,30.0,0.0,98.77193631723401,1131823807.880833,98.77193631723401,6.541018700008863,PASS
F5,100,17,1016,8000517,30,500,-30.0,30.0,0.0,98.9706526505497,1062952084.5438147,98.9706526505497,6.666284100007033,PASS
F5,100,21,1020,8000521,30,500,-30.0,30.0,0.0,98.97526861082626,1097717275.7520316,98.97526861082626,7.345056100006332,PASS
F5,100,22,1021,8000522,30,500,-30.0,30.0,0.0,98.96977276719421,1258179175.9089868,98.96977276719421,7.35109999999986,PASS
F5,100,23,1022,8000523,30,500,-30.0,30.0,0.0,98.97854561459785,1256102176.502064,98.97854561459785,7.315756399999373,PASS
F5,100,24,1023,8000524,30,500,-30.0,30.0,0.0,98.9599658970039,1048096659.0000888,98.9599658970039,7.315465799998492,PASS
F5,100,28,1027,8000528,30,500,-30.0,30.0,0.0,98.77114669272144,1098823921.0065548,98.77114669272144,7.633412099996349,PASS
F5,100,26,1025,8000526,30,500,-30.0,30.0,0.0,98.96158404966774,1223618185.9708228,98.96158404966774,7.82539940001152,PASS
F5,100,25,1024,8000525,30,500,-30.0,30.0,0.0,98.771638425743,978102192.2450457,98.771638425743,7.836155800003326,PASS
F5,100,27,1026,8000527,30,500,-30.0,30.0,0.0,98.77124833621924,1154810807.9760637,98.77124833621924,7.921120200000587,PASS
F5,100,29,1028,8000529,30,500,-30.0,30.0,0.0,98.77111504134393,1245447822.6571968,98.77111504134393,8.427298900001915,PASS
F5,100,30,1029,8000530,30,500,-30.0,30.0,0.0,98.96945187258386,1072697613.5810804,98.96945187258386,8.665598799998406,PASS
F6,100,1,1000,8000601,30,500,-100.0,100.0,0.0,0.3239801986201097,263296.11192356027,0.3239801986201097,8.844557599994005,PASS
F6,100,2,1001,8000602,30,500,-100.0,100.0,0.0,18.824144055250297,281507.8233896207,18.824144055250297,8.741416799995932,PASS
F6,100,3,1002,8000603,30,500,-100.0,100.0,0.0,19.862693907997393,264835.89164485986,19.862693907997393,12.681918300004327,PASS
F6,100,6,1005,8000606,30,500,-100.0,100.0,0.0,15.735921384653844,286669.85599862033,15.735921384653844,12.670178799991845,PASS
F6,100,4,1003,8000604,30,500,-100.0,100.0,0.0,21.54747758034519,276332.98563615634,21.54747758034519,13.12729109999782,PASS
F6,100,5,1004,8000605,30,500,-100.0,100.0,0.0,18.11019498308007,261498.90353178867,18.11019498308007,13.28372120000131,PASS
F6,100,7,1006,8000607,30,500,-100.0,100.0,0.0,16.71323520202746,283394.3209730586,16.71323520202746,11.743036699990625,PASS
F6,100,8,1007,8000608,30,500,-100.0,100.0,0.0,16.557173253500988,260384.84325325864,16.557173253500988,12.046411300005275,PASS
F6,100,10,1009,8000610,30,500,-100.0,100.0,0.0,17.945769526890704,279016.7715421244,17.945769526890704,12.59097639999527,PASS
F6,100,9,1008,8000609,30,500,-100.0,100.0,0.0,15.92716641528324,274509.87123307225,15.92716641528324,12.826952400006121,PASS
F6,100,12,1011,8000612,30,500,-100.0,100.0,0.0,1.3013235563396433,258927.55703336556,1.3013235563396433,11.305877599996165,PASS
F6,100,13,1012,8000613,30,500,-100.0,100.0,0.0,18.59565530222726,280993.2291786613,18.59565530222726,11.437783000001218,PASS
F6,100,11,1010,8000611,30,500,-100.0,100.0,0.0,18.814819137519695,269976.53857158177,18.814819137519695,11.733947000000626,PASS
F6,100,14,1013,8000614,30,500,-100.0,100.0,0.0,0.2364773242692726,259985.29882483825,0.2364773242692726,11.94783040000766,PASS
F6,100,15,1014,8000615,30,500,-100.0,100.0,0.0,16.41768251750858,294072.3555362036,16.41768251750858,12.801665999999386,PASS
F6,100,16,1015,8000616,30,500,-100.0,100.0,0.0,0.49008191034979554,273229.03181115276,0.49008191034979554,12.99147430001176,PASS
F6,100,17,1016,8000617,30,500,-100.0,100.0,0.0,0.3639884190298737,247828.95979557317,0.3639884190298737,13.493424200001755,PASS
F6,100,18,1017,8000618,30,500,-100.0,100.0,0.0,18.00160766861835,261927.0191506812,18.00160766861835,13.256125200001406,PASS
F6,100,19,1018,8000619,30,500,-100.0,100.0,0.0,17.4445894448183,263816.43123929354,17.4445894448183,10.747141700005159,PASS
F6,100,21,1020,8000621,30,500,-100.0,100.0,0.0,0.3304362095919656,269569.6482853248,0.3304362095919656,10.763721199997235,PASS
F6,100,22,1021,8000622,30,500,-100.0,100.0,0.0,15.581305251643116,285681.93453584245,15.581305251643116,11.471835700009251,PASS
F6,100,20,1019,8000620,30,500,-100.0,100.0,0.0,1.7152344399867308,285023.94819708,1.7152344399867308,11.625693200010573,PASS
F6,100,23,1022,8000623,30,500,-100.0,100.0,0.0,16.070888072099084,281478.36205359205,16.070888072099084,13.776450999997905,PASS
F6,100,24,1023,8000624,30,500,-100.0,100.0,0.0,22.052349387475832,264595.75607748877,22.052349387475832,13.887068700001691,PASS
F6,100,25,1024,8000625,30,500,-100.0,100.0,0.0,17.478356937580305,239836.502804822,17.478356937580305,13.827650499995798,PASS
F6,100,26,1025,8000626,30,500,-100.0,100.0,0.0,18.447465591432902,277305.0376309068,18.447465591432902,13.837985199992545,PASS
F6,100,30,1029,8000630,30,500,-100.0,100.0,0.0,17.242037553780385,267957.1214686232,17.242037553780385,12.13205059999018,PASS
F6,100,27,1026,8000627,30,500,-100.0,100.0,0.0,1.4132797640443149,269274.83892360574,1.4132797640443149,12.239316300008795,PASS
F6,100,28,1027,8000628,30,500,-100.0,100.0,0.0,15.974394339796849,252458.60660492422,15.974394339796849,12.6132026000123,PASS
F6,100,29,1028,8000629,30,500,-100.0,100.0,0.0,0.5029542083220561,281218.8936025882,0.5029542083220561,12.681784800006426,PASS
F7,100,2,1001,8000702,30,500,-1.28,1.28,0.0,4.7744084379753716e-05,1879.8057835339578,4.7744084379753716e-05,9.401637600007234,PASS
F7,100,1,1000,8000701,30,500,-1.28,1.28,0.0,6.395785233204165e-06,1713.9860331157254,6.395785233204165e-06,9.472589800003334,PASS
F7,100,4,1003,8000704,30,500,-1.28,1.28,0.0,2.7601226714080163e-05,1839.910022568646,2.7601226714080163e-05,9.558718700005556,PASS
F7,100,3,1002,8000703,30,500,-1.28,1.28,0.0,0.00014671863087878378,1879.8120065592348,0.00014671863087878378,9.756989100002102,PASS
F7,100,6,1005,8000706,30,500,-1.28,1.28,0.0,3.9687652035436116e-05,2015.2272444346643,3.9687652035436116e-05,7.134040400007507,PASS
F7,100,5,1004,8000705,30,500,-1.28,1.28,0.0,3.041923620629201e-05,2011.9533786214163,3.041923620629201e-05,7.304222699996899,PASS
F7,100,7,1006,8000707,30,500,-1.28,1.28,0.0,0.00013850132260584402,1935.4675130684107,0.00013850132260584402,7.323462700005621,PASS
F7,100,8,1007,8000708,30,500,-1.28,1.28,0.0,3.5811180675304755e-05,1729.6567663584508,3.5811180675304755e-05,7.37329299999692,PASS
F7,100,10,1009,8000710,30,500,-1.28,1.28,0.0,8.793380889594063e-05,2069.7691495330755,8.793380889594063e-05,8.24502700001176,PASS
F7,100,11,1010,8000711,30,500,-1.28,1.28,0.0,2.6431049673925067e-05,1719.566674241023,2.6431049673925067e-05,8.33226619999914,PASS
F7,100,9,1008,8000709,30,500,-1.28,1.28,0.0,7.667485511575566e-05,1636.3817325443206,7.667485511575566e-05,8.574672000002465,PASS
F7,100,12,1011,8000712,30,500,-1.28,1.28,0.0,6.139053081521961e-05,1697.1049727114605,6.139053081521961e-05,8.603382699991926,PASS
F7,100,14,1013,8000714,30,500,-1.28,1.28,0.0,1.8115181587008422e-06,1919.9489992854924,1.8115181587008422e-06,7.3712240000022575,PASS
F7,100,16,1015,8000716,30,500,-1.28,1.28,0.0,0.00016118572114032226,1898.3701640908503,0.00016118572114032226,7.429515299998457,PASS
F7,100,13,1012,8000713,30,500,-1.28,1.28,0.0,4.342885650909789e-05,1966.692355879858,4.342885650909789e-05,7.469193099997938,PASS
F7,100,15,1014,8000715,30,500,-1.28,1.28,0.0,0.0003001291673419004,2136.354940671791,0.0003001291673419004,7.717646600009175,PASS
F7,100,17,1016,8000717,30,500,-1.28,1.28,0.0,5.61494029568399e-05,1721.1651627703966,5.61494029568399e-05,9.308065899997018,PASS
F7,100,18,1017,8000718,30,500,-1.28,1.28,0.0,0.0002173084752551402,1818.4972351864994,0.0002173084752551402,9.383001199996215,PASS
F7,100,19,1018,8000719,30,500,-1.28,1.28,0.0,4.116412819155091e-05,1605.5808171118645,4.116412819155091e-05,9.666701399997692,PASS
F7,100,20,1019,8000720,30,500,-1.28,1.28,0.0,4.3861990262517025e-05,1875.8564087292366,4.3861990262517025e-05,9.478955600003246,PASS
F7,100,24,1023,8000724,30,500,-1.28,1.28,0.0,2.861881175131309e-05,1858.9211425432188,2.861881175131309e-05,7.015167500008829,PASS
F7,100,22,1021,8000722,30,500,-1.28,1.28,0.0,5.6082913397981216e-05,2100.655221268006,5.6082913397981216e-05,7.055429000000004,PASS
F7,100,23,1022,8000723,30,500,-1.28,1.28,0.0,0.00021151824729748192,2129.101212080924,0.00021151824729748192,7.065782999998191,PASS
F7,100,21,1020,8000721,30,500,-1.28,1.28,0.0,2.3817639336343177e-06,1733.6064002918647,2.3817639336343177e-06,7.230588400008855,PASS
F7,100,27,1026,8000727,30,500,-1.28,1.28,0.0,3.2900908394362105e-05,1746.779227230214,3.2900908394362105e-05,8.134935299996869,PASS
F7,100,25,1024,8000725,30,500,-1.28,1.28,0.0,6.73618916708918e-05,1834.2816679825157,6.73618916708918e-05,8.27960520000488,PASS
F7,100,26,1025,8000726,30,500,-1.28,1.28,0.0,9.985006567880816e-05,1874.1616703922396,9.985006567880816e-05,8.300222199992277,PASS
F7,100,28,1027,8000728,30,500,-1.28,1.28,0.0,5.3695734576586496e-05,1768.9475450561765,5.3695734576586496e-05,8.490640100004384,PASS
F8,100,2,1001,8000802,30,500,-500.0,500.0,-41898.28999999999,-14030.312767311027,-2998.5435214511936,-14030.312767311027,6.899190700001782,PASS
F7,100,30,1029,8000730,30,500,-1.28,1.28,0.0,9.924556817142438e-06,1521.9217594508273,9.924556817142438e-06,7.206555700002355,PASS
F8,100,1,1000,8000801,30,500,-500.0,500.0,-41898.28999999999,-32054.13671641041,-2553.5014787740465,-32054.13671641041,7.319076999992831,PASS
F7,100,29,1028,8000729,30,500,-1.28,1.28,0.0,5.483526356653279e-06,1814.9230520058518,5.483526356653279e-06,7.416903399993316,PASS
F8,100,3,1002,8000803,30,500,-500.0,500.0,-41898.28999999999,-10089.339823628812,-3339.742853726567,-10089.339823628812,7.803177800000412,PASS
F8,100,4,1003,8000804,30,500,-500.0,500.0,-41898.28999999999,-30041.856287953255,-4230.464012783519,-30041.856287953255,7.699734699999681,PASS
F8,100,5,1004,8000805,30,500,-500.0,500.0,-41898.28999999999,-11397.094211496229,-4053.2988021294877,-11397.094211496229,8.135762000005343,PASS
F8,100,6,1005,8000806,30,500,-500.0,500.0,-41898.28999999999,-13219.664528717365,-7358.278436814863,-13219.664528717365,8.187388600010308,PASS
F8,100,10,1009,8000810,30,500,-500.0,500.0,-41898.28999999999,-17097.560503554832,-5021.980014230887,-17097.560503554832,7.743074900005013,PASS
F8,100,9,1008,8000809,30,500,-500.0,500.0,-41898.28999999999,-9670.546372067229,-3261.7946918539656,-9670.546372067229,7.785050100006629,PASS
F8,100,8,1007,8000808,30,500,-500.0,500.0,-41898.28999999999,-10435.110974220936,-4538.128464362752,-10435.110974220936,7.862273099992308,PASS
F8,100,7,1006,8000807,30,500,-500.0,500.0,-41898.28999999999,-16207.747517400117,-5048.766274195907,-16207.747517400117,7.890732899992145,PASS
F8,100,14,1013,8000814,30,500,-500.0,500.0,-41898.28999999999,-11250.910312458082,-4000.0772871461536,-11250.910312458082,8.70665549999103,PASS
F8,100,11,1010,8000811,30,500,-500.0,500.0,-41898.28999999999,-11161.025999444515,-3969.567984280408,-11161.025999444515,8.815634999991744,PASS
F8,100,13,1012,8000813,30,500,-500.0,500.0,-41898.28999999999,-30052.422039212735,-3157.5172389692916,-30052.422039212735,8.806878099989262,PASS
F8,100,12,1011,8000812,30,500,-500.0,500.0,-41898.28999999999,-10221.216683724177,-5900.817825640615,-10221.216683724177,8.88693520000379,PASS
F8,100,16,1015,8000816,30,500,-500.0,500.0,-41898.28999999999,-10823.420080061936,-2261.9170847626724,-10823.420080061936,9.164891000007628,PASS
F8,100,18,1017,8000818,30,500,-500.0,500.0,-41898.28999999999,-11787.776555363875,-4776.793589526948,-11787.776555363875,9.138978800008772,PASS
F8,100,15,1014,8000815,30,500,-500.0,500.0,-41898.28999999999,-10135.024571909762,-3656.245112266389,-10135.024571909762,9.255972900005872,PASS
F8,100,17,1016,8000817,30,500,-500.0,500.0,-41898.28999999999,-9321.639173198566,-4287.060062552637,-9321.639173198566,9.264017199995578,PASS
F8,100,19,1018,8000819,30,500,-500.0,500.0,-41898.28999999999,-23967.259967958915,-3572.2175091592453,-23967.259967958915,8.786759100010386,PASS
F8,100,20,1019,8000820,30,500,-500.0,500.0,-41898.28999999999,-11879.845243243066,-3079.152743289578,-11879.845243243066,8.842047300000559,PASS
F8,100,22,1021,8000822,30,500,-500.0,500.0,-41898.28999999999,-11405.607374127969,-3857.81858893866,-11405.607374127969,8.889921800000593,PASS
F8,100,21,1020,8000821,30,500,-500.0,500.0,-41898.28999999999,-11898.718395281314,-2805.889664865194,-11898.718395281314,8.96309599999222,PASS
F8,100,23,1022,8000823,30,500,-500.0,500.0,-41898.28999999999,-10795.987712665601,-3217.5456388720286,-10795.987712665601,7.629510900005698,PASS
F8,100,25,1024,8000825,30,500,-500.0,500.0,-41898.28999999999,-10657.755123045468,-5507.73657400633,-10657.755123045468,7.739682799990987,PASS
F8,100,26,1025,8000826,30,500,-500.0,500.0,-41898.28999999999,-11183.42124425247,-3615.423975875862,-11183.42124425247,8.021244699993986,PASS
F8,100,24,1023,8000824,30,500,-500.0,500.0,-41898.28999999999,-25040.927128226664,-3698.9196027445314,-25040.927128226664,8.22102409999934,PASS
F8,100,27,1026,8000827,30,500,-500.0,500.0,-41898.28999999999,-11510.806014833848,-3660.609387332994,-11510.806014833848,8.845945900000515,PASS
F8,100,28,1027,8000828,30,500,-500.0,500.0,-41898.28999999999,-10574.227110376141,-3692.4136706461177,-10574.227110376141,8.736863099999027,PASS
F8,100,30,1029,8000830,30,500,-500.0,500.0,-41898.28999999999,-13008.841123176018,-3626.4729966266405,-13008.841123176018,8.982617600006051,PASS
F8,100,29,1028,8000829,30,500,-500.0,500.0,-41898.28999999999,-11025.844900421418,-4172.491069827808,-11025.844900421418,9.167786100006197,PASS
F9,100,1,1000,8000901,30,500,-5.12,5.12,0.0,0.0,1576.4442401760357,0.0,8.043977799999993,PASS
F9,100,2,1001,8000902,30,500,-5.12,5.12,0.0,0.0,1629.5208920297216,0.0,8.135427200002596,PASS
F9,100,3,1002,8000903,30,500,-5.12,5.12,0.0,0.0,1518.0045003898188,0.0,8.250930099995458,PASS
F9,100,4,1003,8000904,30,500,-5.12,5.12,0.0,0.0,1630.6819226990792,0.0,8.303952399990521,PASS
F9,100,5,1004,8000905,30,500,-5.12,5.12,0.0,0.0,1633.654588257706,0.0,9.586014899992733,PASS
F9,100,6,1005,8000906,30,500,-5.12,5.12,0.0,0.0,1679.9059474931364,0.0,9.587287600006675,PASS
F9,100,7,1006,8000907,30,500,-5.12,5.12,0.0,0.0,1597.9038971785392,0.0,9.885309200006304,PASS
F9,100,8,1007,8000908,30,500,-5.12,5.12,0.0,0.0,1598.3759331006615,0.0,9.92618529999163,PASS
F9,100,9,1008,8000909,30,500,-5.12,5.12,0.0,0.0,1599.1148459177418,0.0,11.342568799998844,PASS
F9,100,11,1010,8000911,30,500,-5.12,5.12,0.0,0.0,1623.382569432608,0.0,11.379894599987892,PASS
F9,100,10,1009,8000910,30,500,-5.12,5.12,0.0,0.0,1654.2497671880697,0.0,11.628604199999245,PASS
F9,100,12,1011,8000912,30,500,-5.12,5.12,0.0,0.0,1567.182214090817,0.0,11.64722559999791,PASS
F9,100,14,1013,8000914,30,500,-5.12,5.12,0.0,0.0,1628.0463693269671,0.0,9.264518100011628,PASS
F9,100,13,1012,8000913,30,500,-5.12,5.12,0.0,0.0,1705.6261080735198,0.0,9.514832899993053,PASS
F9,100,15,1014,8000915,30,500,-5.12,5.12,0.0,0.0,1717.5213685822944,0.0,9.597864700001082,PASS
F9,100,16,1015,8000916,30,500,-5.12,5.12,0.0,0.0,1590.4021149821185,0.0,9.838714400000754,PASS
F9,100,20,1019,8000920,30,500,-5.12,5.12,0.0,0.0,1668.5738282073448,0.0,8.436908600007882,PASS
F9,100,18,1017,8000918,30,500,-5.12,5.12,0.0,0.0,1549.7171711047217,0.0,8.690016799999285,PASS
F9,100,17,1016,8000917,30,500,-5.12,5.12,0.0,0.0,1614.9408748907163,0.0,8.961102599991136,PASS
F9,100,19,1018,8000919,30,500,-5.12,5.12,0.0,0.0,1599.14457302523,0.0,9.155109899991658,PASS
F9,100,21,1020,8000921,30,500,-5.12,5.12,0.0,0.0,1671.4301046317933,0.0,8.26396769999701,PASS
F9,100,22,1021,8000922,30,500,-5.12,5.12,0.0,0.0,1673.3129759218714,0.0,8.329868699991493,PASS
F9,100,23,1022,8000923,30,500,-5.12,5.12,0.0,0.0,1668.3273960788017,0.0,8.410571799991885,PASS
F9,100,24,1023,8000924,30,500,-5.12,5.12,0.0,0.0,1557.616922959333,0.0,8.378823099992587,PASS
F9,100,25,1024,8000925,30,500,-5.12,5.12,0.0,0.0,1646.9952051689918,0.0,6.969781300009345,PASS
F9,100,27,1026,8000927,30,500,-5.12,5.12,0.0,0.0,1636.060122301835,0.0,7.172470799996518,PASS
F9,100,26,1025,8000926,30,500,-5.12,5.12,0.0,0.0,1690.5721137459896,0.0,7.1980036000022665,PASS
F9,100,28,1027,8000928,30,500,-5.12,5.12,0.0,0.0,1648.085712888685,0.0,7.4589764999982435,PASS
F9,100,29,1028,8000929,30,500,-5.12,5.12,0.0,0.0,1618.2917736347288,0.0,7.226116899997578,PASS
F9,100,30,1029,8000930,30,500,-5.12,5.12,0.0,0.0,1668.2673419277482,0.0,7.101586899996619,PASS
F10,100,1,1000,8001001,30,500,-32.0,32.0,0.0,4.440892098500626e-16,20.974169576839916,4.440892098500626e-16,7.181249100001878,PASS
F10,100,2,1001,8001002,30,500,-32.0,32.0,0.0,4.440892098500626e-16,21.02013416273211,4.440892098500626e-16,7.263759699999355,PASS
F10,100,3,1002,8001003,30,500,-32.0,32.0,0.0,4.440892098500626e-16,20.895196588033638,4.440892098500626e-16,8.782925499996054,PASS
F10,100,6,1005,8001006,30,500,-32.0,32.0,0.0,4.440892098500626e-16,20.976084768705277,4.440892098500626e-16,8.751074500003597,PASS
F10,100,4,1003,8001004,30,500,-32.0,32.0,0.0,4.440892098500626e-16,21.013145034584486,4.440892098500626e-16,8.864668299996993,PASS
F10,100,5,1004,8001005,30,500,-32.0,32.0,0.0,4.440892098500626e-16,20.967298988397765,4.440892098500626e-16,8.873081600002479,PASS
F10,100,7,1006,8001007,30,500,-32.0,32.0,0.0,4.440892098500626e-16,20.977700991196514,4.440892098500626e-16,9.298243500001263,PASS
F10,100,8,1007,8001008,30,500,-32.0,32.0,0.0,4.440892098500626e-16,20.849310391584286,4.440892098500626e-16,9.348713699990185,PASS
F10,100,9,1008,8001009,30,500,-32.0,32.0,0.0,4.440892098500626e-16,20.95620850185306,4.440892098500626e-16,9.477181299997028,PASS
F10,100,10,1009,8001010,30,500,-32.0,32.0,0.0,4.440892098500626e-16,20.96877373311045,4.440892098500626e-16,9.642912700001034,PASS
F10,100,12,1011,8001012,30,500,-32.0,32.0,0.0,4.440892098500626e-16,20.953704690636588,4.440892098500626e-16,8.123697100003483,PASS
F10,100,14,1013,8001014,30,500,-32.0,32.0,0.0,4.440892098500626e-16,20.915162094655695,4.440892098500626e-16,8.354995599991526,PASS
F10,100,13,1012,8001013,30,500,-32.0,32.0,0.0,4.440892098500626e-16,20.998400333728206,4.440892098500626e-16,8.406087400013348,PASS
F10,100,11,1010,8001011,30,500,-32.0,32.0,0.0,4.440892098500626e-16,20.9796262873951,4.440892098500626e-16,8.523295099992538,PASS
F10,100,15,1014,8001015,30,500,-32.0,32.0,0.0,4.440892098500626e-16,20.982509523562097,4.440892098500626e-16,8.4898014000064,PASS
F10,100,17,1016,8001017,30,500,-32.0,32.0,0.0,4.440892098500626e-16,20.910201054082773,4.440892098500626e-16,8.370263100005104,PASS
F10,100,16,1015,8001016,30,500,-32.0,32.0,0.0,4.440892098500626e-16,20.967468781999848,4.440892098500626e-16,8.54705439999816,PASS
F10,100,18,1017,8001018,30,500,-32.0,32.0,0.0,4.440892098500626e-16,20.961405035232424,4.440892098500626e-16,8.42520159999549,PASS
F10,100,21,1020,8001021,30,500,-32.0,32.0,0.0,4.440892098500626e-16,21.0959134229779,4.440892098500626e-16,8.259344000005512,PASS
F10,100,19,1018,8001019,30,500,-32.0,32.0,0.0,4.440892098500626e-16,20.87439093546512,4.440892098500626e-16,8.37850000000617,PASS
F10,100,20,1019,8001020,30,500,-32.0,32.0,0.0,4.440892098500626e-16,20.97882619722332,4.440892098500626e-16,8.668356700000004,PASS
F10,100,22,1021,8001022,30,500,-32.0,32.0,0.0,4.440892098500626e-16,20.9904122962268,4.440892098500626e-16,8.67253989999881,PASS
F10,100,24,1023,8001024,30,500,-32.0,32.0,0.0,4.440892098500626e-16,20.97529391786728,4.440892098500626e-16,8.501961000001756,PASS
F10,100,23,1022,8001023,30,500,-32.0,32.0,0.0,4.440892098500626e-16,21.016474756195244,4.440892098500626e-16,8.62744740000926,PASS
F10,100,25,1024,8001025,30,500,-32.0,32.0,0.0,4.440892098500626e-16,20.790564572301438,4.440892098500626e-16,8.916796599994996,PASS
F10,100,26,1025,8001026,30,500,-32.0,32.0,0.0,4.440892098500626e-16,21.03914263517478,4.440892098500626e-16,9.106536699997378,PASS
F10,100,30,1029,8001030,30,500,-32.0,32.0,0.0,4.440892098500626e-16,20.913442373803655,4.440892098500626e-16,7.686586499999976,PASS
F10,100,27,1026,8001027,30,500,-32.0,32.0,0.0,4.440892098500626e-16,20.97184561200183,4.440892098500626e-16,7.91373040000326,PASS
F10,100,29,1028,8001029,30,500,-32.0,32.0,0.0,4.440892098500626e-16,21.026068215413297,4.440892098500626e-16,8.046675799996592,PASS
F10,100,28,1027,8001028,30,500,-32.0,32.0,0.0,4.440892098500626e-16,20.815676881750743,4.440892098500626e-16,8.204851799993776,PASS
F11,100,1,1000,8001101,30,500,-600.0,600.0,0.0,0.0,2375.476326915861,0.0,10.007724199997028,PASS
F11,100,2,1001,8001102,30,500,-600.0,600.0,0.0,0.0,2540.5750603013284,0.0,10.030880400008755,PASS
F11,100,3,1002,8001103,30,500,-600.0,600.0,0.0,0.0,2390.4046547317907,0.0,10.130510800008778,PASS
F11,100,4,1003,8001104,30,500,-600.0,600.0,0.0,0.0,2493.0320877478666,0.0,10.046312899998156,PASS
F11,100,5,1004,8001105,30,500,-600.0,600.0,0.0,0.0,2351.5275726410205,0.0,7.377867699993658,PASS
F11,100,8,1007,8001108,30,500,-600.0,600.0,0.0,0.0,2347.1032847830315,0.0,7.512005199998384,PASS
F11,100,7,1006,8001107,30,500,-600.0,600.0,0.0,0.0,2552.6230697525,0.0,7.69430669999565,PASS
F11,100,6,1005,8001106,30,500,-600.0,600.0,0.0,0.0,2577.4630191264455,0.0,7.881643799992162,PASS
F11,100,9,1008,8001109,30,500,-600.0,600.0,0.0,0.0,2475.0034985949237,0.0,8.047555200013448,PASS
F11,100,10,1009,8001110,30,500,-600.0,600.0,0.0,0.0,2515.199287421028,0.0,8.111495100005413,PASS
F11,100,11,1010,8001111,30,500,-600.0,600.0,0.0,0.0,2423.735581830895,0.0,8.533700600004522,PASS
F11,100,12,1011,8001112,30,500,-600.0,600.0,0.0,0.0,2337.436526709515,0.0,8.46127919999708,PASS
F11,100,14,1013,8001114,30,500,-600.0,600.0,0.0,0.0,2337.961463057549,0.0,7.711971799988532,PASS
F11,100,13,1012,8001113,30,500,-600.0,600.0,0.0,0.0,2533.78962648594,0.0,7.747839600007865,PASS
F11,100,16,1015,8001116,30,500,-600.0,600.0,0.0,0.0,2452.779158524029,0.0,7.919624500005739,PASS
F11,100,15,1014,8001115,30,500,-600.0,600.0,0.0,0.0,2658.243952430687,0.0,7.961534799993387,PASS
F11,100,17,1016,8001117,30,500,-600.0,600.0,0.0,0.0,2231.8336309639767,0.0,8.301410900006886,PASS
F11,100,19,1018,8001119,30,500,-600.0,600.0,0.0,0.0,2373.78257986184,0.0,8.376547900013975,PASS
F11,100,20,1019,8001120,30,500,-600.0,600.0,0.0,0.0,2573.540521113476,0.0,8.411198100002366,PASS
F11,100,18,1017,8001118,30,500,-600.0,600.0,0.0,0.0,2356.064350805223,0.0,8.682394200004637,PASS
F11,100,23,1022,8001123,30,500,-600.0,600.0,0.0,0.0,2537.093093853725,0.0,7.649320399999851,PASS
F11,100,21,1020,8001121,30,500,-600.0,600.0,0.0,0.0,2425.1612221159485,0.0,7.729974599991692,PASS
F11,100,22,1021,8001122,30,500,-600.0,600.0,0.0,0.0,2571.6965227889355,0.0,7.7980438000086,PASS
F11,100,24,1023,8001124,30,500,-600.0,600.0,0.0,0.0,2369.227295462157,0.0,7.939540799998213,PASS
F11,100,25,1024,8001125,30,500,-600.0,600.0,0.0,0.0,2155.473571059598,0.0,8.773279300003196,PASS
F11,100,27,1026,8001127,30,500,-600.0,600.0,0.0,0.0,2422.626251618293,0.0,8.978988900009426,PASS
F11,100,26,1025,8001126,30,500,-600.0,600.0,0.0,0.0,2494.1250551646012,0.0,9.209978099999717,PASS
F11,100,28,1027,8001128,30,500,-600.0,600.0,0.0,0.0,2268.5539527773535,0.0,9.100083199999062,PASS
F11,100,29,1028,8001129,30,500,-600.0,600.0,0.0,0.0,2533.2836804549265,0.0,8.966443700002856,PASS
F11,100,30,1029,8001130,30,500,-600.0,600.0,0.0,0.0,2405.3732442515266,0.0,9.078941400002805,PASS
F12,100,2,1001,8001202,30,500,-50.0,50.0,0.0,1.2978892561700648,3059331510.7447143,1.2978892561700648,9.136875600001076,PASS
F12,100,1,1000,8001201,30,500,-50.0,50.0,0.0,1.8179150184817717e-08,2454668402.40871,1.8179150184817717e-08,9.347066000002087,PASS
F12,100,3,1002,8001203,30,500,-50.0,50.0,0.0,1.304374349418372,2859260147.371619,1.304374349418372,8.901355599999079,PASS
F12,100,5,1004,8001205,30,500,-50.0,50.0,0.0,1.3115630410812709,2766150098.5788603,1.3115630410812709,8.972636400008923,PASS
F12,100,4,1003,8001204,30,500,-50.0,50.0,0.0,0.6142772253641207,2936732158.409857,0.6142772253641207,9.137995500001125,PASS
F12,100,6,1005,8001206,30,500,-50.0,50.0,0.0,1.06786393419927e-06,3092814646.6491776,1.06786393419927e-06,8.926192700004322,PASS
F12,100,8,1007,8001208,30,500,-50.0,50.0,0.0,1.2903782966090669,2548857517.032465,1.2903782966090669,7.728980700005195,PASS
F12,100,9,1008,8001209,30,500,-50.0,50.0,0.0,1.135958938560642,2605471706.4533877,1.135958938560642,7.961481400008779,PASS
F12,100,7,1006,8001207,30,500,-50.0,50.0,0.0,1.0839116822686903,3180476949.000442,1.0839116822686903,8.078508699996746,PASS
F12,100,10,1009,8001210,30,500,-50.0,50.0,0.0,1.3081700037246349,3349244219.2438235,1.3081700037246349,8.152833800006192,PASS
F12,100,11,1010,8001211,30,500,-50.0,50.0,0.0,1.1958369948303507,2889347975.027238,1.1958369948303507,9.853558200004045,PASS
F12,100,12,1011,8001212,30,500,-50.0,50.0,0.0,1.304179180911868,2646563097.029721,1.304179180911868,9.763042399994447,PASS
F12,100,13,1012,8001213,30,500,-50.0,50.0,0.0,3.417308386088596e-08,2668691290.1473236,3.417308386088596e-08,9.904434399999445,PASS
F12,100,14,1013,8001214,30,500,-50.0,50.0,0.0,1.03900038712449,2712873229.3536973,1.03900038712449,9.91780630001449,PASS
F12,100,18,1017,8001218,30,500,-50.0,50.0,0.0,0.9170023094329139,2913359197.759446,0.9170023094329139,9.404474399998435,PASS
F12,100,16,1015,8001216,30,500,-50.0,50.0,0.0,3.7198619867806285e-07,2527902815.634496,3.7198619867806285e-07,9.438924499991117,PASS
F12,100,17,1016,8001217,30,500,-50.0,50.0,0.0,1.3061739096906266,2492409359.758003,1.3061739096906266,9.443364299993846,PASS
F12,100,15,1014,8001215,30,500,-50.0,50.0,0.0,1.316781659471841,3037636507.510107,1.316781659471841,9.605837799987057,PASS
F12,100,20,1019,8001220,30,500,-50.0,50.0,0.0,0.9501657301498465,3056605697.8586793,0.9501657301498465,7.066686399994069,PASS
F12,100,21,1020,8001221,30,500,-50.0,50.0,0.0,1.304265135010401,2533372146.1769934,1.304265135010401,7.1001619000016944,PASS
F12,100,19,1018,8001219,30,500,-50.0,50.0,0.0,1.5436255596036107e-06,2605565459.204059,1.5436255596036107e-06,7.161539199994877,PASS
F12,100,22,1021,8001222,30,500,-50.0,50.0,0.0,0.9967442210265638,3131895795.8842297,0.9967442210265638,7.113616400005412,PASS
F12,100,23,1022,8001223,30,500,-50.0,50.0,0.0,0.840211312698775,3013403172.60101,0.840211312698775,6.7495370999968145,PASS
F12,100,24,1023,8001224,30,500,-50.0,50.0,0.0,0.654853032290794,2487116040.3648505,0.654853032290794,6.804393999991589,PASS
F12,100,25,1024,8001225,30,500,-50.0,50.0,0.0,1.303716186994247,2309115071.5237603,1.303716186994247,6.853368200012483,PASS
F12,100,26,1025,8001226,30,500,-50.0,50.0,0.0,3.1112784842779035e-06,2964182987.1899724,3.1112784842779035e-06,6.8582706000015605,PASS
F12,100,27,1026,8001227,30,500,-50.0,50.0,0.0,1.30234165420136,2803817624.346795,1.30234165420136,7.719009499996901,PASS
F12,100,28,1027,8001228,30,500,-50.0,50.0,0.0,1.3095137000457864,2604445909.84401,1.3095137000457864,7.67669529998966,PASS
F12,100,29,1028,8001229,30,500,-50.0,50.0,0.0,1.3195144364928777,2877700011.2132626,1.3195144364928777,7.636199999993551,PASS
F12,100,30,1029,8001230,30,500,-50.0,50.0,0.0,1.1084468893096704,2528396636.0604033,1.1084468893096704,7.686688999994658,PASS
F13,100,4,1003,8001304,30,500,-50.0,50.0,0.0,9.88926192123423,5477768208.302431,9.88926192123423,6.044079799990868,PASS
F13,100,2,1001,8001302,30,500,-50.0,50.0,0.0,9.902595909024068,5703628109.59254,9.902595909024068,6.109174900004291,PASS
F13,100,1,1000,8001301,30,500,-50.0,50.0,0.0,9.813424144210998,4676369695.1665,9.813424144210998,6.246389200008707,PASS
F13,100,3,1002,8001303,30,500,-50.0,50.0,0.0,9.834312637812925,5253613738.91702,9.834312637812925,6.20848250000563,PASS
F13,100,5,1004,8001305,30,500,-50.0,50.0,0.0,9.911040452493188,5108811169.981079,9.911040452493188,6.393374999999651,PASS
F13,100,8,1007,8001308,30,500,-50.0,50.0,0.0,9.904086070463546,4771256699.8600855,9.904086070463546,6.254899099993054,PASS
F13,100,6,1005,8001306,30,500,-50.0,50.0,0.0,9.905659809698776,5702332819.956724,9.905659809698776,6.4157951999950456,PASS
F13,100,7,1006,8001307,30,500,-50.0,50.0,0.0,9.904912078730328,5858380772.004943,9.904912078730328,6.38382350000029,PASS
F13,100,11,1010,8001311,30,500,-50.0,50.0,0.0,9.896156224630975,5358507556.396209,9.896156224630975,9.133371199990506,PASS
F13,100,9,1008,8001309,30,500,-50.0,50.0,0.0,9.900321970543223,4990071797.662076,9.900321970543223,9.228610900012427,PASS
F13,100,12,1011,8001312,30,500,-50.0,50.0,0.0,9.887864306605652,4927528344.086811,9.887864306605652,9.220174099988071,PASS
F13,100,10,1009,8001310,30,500,-50.0,50.0,0.0,9.89640717295924,5989873120.402112,9.89640717295924,9.400564100011252,PASS
F13,100,14,1013,8001314,30,500,-50.0,50.0,0.0,9.904618478770724,5012428997.734464,9.904618478770724,7.341691700014053,PASS
F13,100,15,1014,8001315,30,500,-50.0,50.0,0.0,9.890805072351428,5689354007.1978,9.890805072351428,7.371715000001132,PASS
F13,100,13,1012,8001313,30,500,-50.0,50.0,0.0,9.907405649485462,5050286943.044532,9.907405649485462,7.570728600010625,PASS
F13,100,16,1015,8001316,30,500,-50.0,50.0,0.0,9.79380539539358,4808013491.579546,9.79380539539358,7.403767800002242,PASS
F13,100,19,1018,8001319,30,500,-50.0,50.0,0.0,9.861434206250001,4857761731.048042,9.861434206250001,5.949722599994857,PASS
F13,100,17,1016,8001317,30,500,-50.0,50.0,0.0,9.862153449527112,4638731843.684945,9.862153449527112,6.017509400000563,PASS
F13,100,20,1019,8001320,30,500,-50.0,50.0,0.0,9.910361121602712,5664079376.648131,9.910361121602712,6.081736099993577,PASS
F13,100,18,1017,8001318,30,500,-50.0,50.0,0.0,9.890911266357582,5307336932.899228,9.890911266357582,6.119794700003695,PASS
F13,100,22,1021,8001322,30,500,-50.0,50.0,0.0,9.855222794920032,5735945115.733501,9.855222794920032,5.967764800006989,PASS
F13,100,24,1023,8001324,30,500,-50.0,50.0,0.0,9.861748488803887,4700710851.608096,9.861748488803887,5.950840900011826,PASS
F13,100,21,1020,8001321,30,500,-50.0,50.0,0.0,9.907403302974657,4799501028.89881,9.907403302974657,6.124968000003719,PASS
F13,100,23,1022,8001323,30,500,-50.0,50.0,0.0,9.900901592500297,5571093894.866991,9.900901592500297,6.071381900008419,PASS
F13,100,25,1024,8001325,30,500,-50.0,50.0,0.0,9.904752601356845,4337590714.078335,9.904752601356845,6.077824200008763,PASS
F13,100,28,1027,8001328,30,500,-50.0,50.0,0.0,9.864780410025354,4821965610.445264,9.864780410025354,6.167784099990968,PASS
F13,100,26,1025,8001326,30,500,-50.0,50.0,0.0,9.830876285455657,5457013861.457788,9.830876285455657,6.241678699996555,PASS
F13,100,27,1026,8001327,30,500,-50.0,50.0,0.0,9.864463200611034,5306309842.733978,9.864463200611034,6.314310799993109,PASS
F13,100,30,1029,8001330,30,500,-50.0,50.0,0.0,9.901291958676751,4757536743.214853,9.901291958676751,6.751861899989308,PASS
F13,100,29,1028,8001329,30,500,-50.0,50.0,0.0,9.85513547636696,5396157385.504262,9.85513547636696,6.8730140999978175,PASS
F1,500,1,1000,12000101,30,500,-100.0,100.0,0.0,0.0,1538513.3686851012,0.0,27.97680409999157,PASS
F1,500,2,1001,12000102,30,500,-100.0,100.0,0.0,0.0,1546114.939071203,0.0,28.00416640000185,PASS
F1,500,4,1003,12000104,30,500,-100.0,100.0,0.0,0.0,1570784.4649030152,0.0,28.7348811999982,PASS
F1,500,6,1005,12000106,30,500,-100.0,100.0,0.0,0.0,1590058.9744020654,0.0,28.775057499995455,PASS
F1,500,5,1004,12000105,30,500,-100.0,100.0,0.0,0.0,1512516.415856528,0.0,28.80055730001186,PASS
F1,500,3,1002,12000103,30,500,-100.0,100.0,0.0,0.0,1534981.7877363483,0.0,28.918425700001535,PASS
F1,500,7,1006,12000107,30,500,-100.0,100.0,0.0,0.0,1572829.4160778571,0.0,28.158756699995138,PASS
F1,500,9,1008,12000109,30,500,-100.0,100.0,0.0,0.0,1570270.148350599,0.0,28.408074599996326,PASS
F1,500,10,1009,12000110,30,500,-100.0,100.0,0.0,0.0,1563848.2916379832,0.0,28.40650569999707,PASS
F1,500,8,1007,12000108,30,500,-100.0,100.0,0.0,0.0,1520860.8364401879,0.0,28.590166699999827,PASS
F1,500,11,1010,12000111,30,500,-100.0,100.0,0.0,0.0,1535022.2213210193,0.0,27.74421479999728,PASS
F1,500,13,1012,12000113,30,500,-100.0,100.0,0.0,0.0,1546778.5975060565,0.0,27.904680299994652,PASS
F1,500,14,1013,12000114,30,500,-100.0,100.0,0.0,0.0,1530470.935712316,0.0,27.905899700010195,PASS
F1,500,12,1011,12000112,30,500,-100.0,100.0,0.0,0.0,1572478.9750844436,0.0,28.154355600010604,PASS
F1,500,15,1014,12000115,30,500,-100.0,100.0,0.0,0.0,1568987.7236002195,0.0,35.07006390001334,PASS
F1,500,16,1015,12000116,30,500,-100.0,100.0,0.0,0.0,1555032.5950483577,0.0,34.94849439999962,PASS
F1,500,17,1016,12000117,30,500,-100.0,100.0,0.0,0.0,1530735.8354023776,0.0,35.16436579999572,PASS
F1,500,18,1017,12000118,30,500,-100.0,100.0,0.0,0.0,1560140.4497959507,0.0,35.144152799999574,PASS
F1,500,22,1021,12000122,30,500,-100.0,100.0,0.0,0.0,1559629.785459571,0.0,27.456184299997403,PASS
F1,500,19,1018,12000119,30,500,-100.0,100.0,0.0,0.0,1550889.3417305786,0.0,27.720411499991314,PASS
F1,500,21,1020,12000121,30,500,-100.0,100.0,0.0,0.0,1497176.882149356,0.0,27.821333799991407,PASS
F1,500,20,1019,12000120,30,500,-100.0,100.0,0.0,0.0,1526825.1374559635,0.0,27.873422400007257,PASS
F1,500,23,1022,12000123,30,500,-100.0,100.0,0.0,0.0,1511113.5532100373,0.0,28.48801729999832,PASS
F1,500,25,1024,12000125,30,500,-100.0,100.0,0.0,0.0,1497377.1391804477,0.0,28.310180999993463,PASS
F1,500,24,1023,12000124,30,500,-100.0,100.0,0.0,0.0,1532161.5480001452,0.0,28.473646200000076,PASS
F1,500,26,1025,12000126,30,500,-100.0,100.0,0.0,0.0,1552342.9957306036,0.0,28.641398499996285,PASS
F1,500,27,1026,12000127,30,500,-100.0,100.0,0.0,0.0,1453370.2715421645,0.0,27.94947880000109,PASS
F1,500,28,1027,12000128,30,500,-100.0,100.0,0.0,0.0,1545919.5627182708,0.0,28.01232290000189,PASS
F1,500,29,1028,12000129,30,500,-100.0,100.0,0.0,0.0,1522536.797764884,0.0,28.151653200009605,PASS
F1,500,30,1029,12000130,30,500,-100.0,100.0,0.0,0.0,1568655.3109290951,0.0,28.23349379999854,PASS
F2,500,3,1002,12000203,30,500,-10.0,10.0,0.0,0.0,1.395404622536586e+264,0.0,28.2329630000022,PASS
F2,500,1,1000,12000201,30,500,-10.0,10.0,0.0,0.0,3.151380846592418e+246,0.0,28.733054600001196,PASS
F2,500,4,1003,12000204,30,500,-10.0,10.0,0.0,0.0,1.038998312800249e+265,0.0,28.597592799997074,PASS
F2,500,2,1001,12000202,30,500,-10.0,10.0,0.0,0.0,1.0738867422284052e+269,0.0,29.010158399993088,PASS
F2,500,8,1007,12000208,30,500,-10.0,10.0,0.0,8.716754800667416e-277,1.7159941368511264e+263,8.716754800667416e-277,28.366313799997442,PASS
F2,500,7,1006,12000207,30,500,-10.0,10.0,0.0,3.865068424809616e-221,1.4852857622123222e+265,3.865068424809616e-221,28.68972370000847,PASS
F2,500,6,1005,12000206,30,500,-10.0,10.0,0.0,1.7718286666200413e-245,5.055409153806508e+267,1.7718286666200413e-245,28.76011830000789,PASS
F2,500,5,1004,12000205,30,500,-10.0,10.0,0.0,1.317070479520277e-233,2.9744845254080503e+256,1.317070479520277e-233,28.779638399995747,PASS
F2,500,9,1008,12000209,30,500,-10.0,10.0,0.0,2.3135744370401642e-215,1.7072795427902763e+268,2.3135744370401642e-215,28.108933600000455,PASS
F2,500,10,1009,12000210,30,500,-10.0,10.0,0.0,8.822720059669532e-258,5.36828825978769e+259,8.822720059669532e-258,28.116736399999354,PASS
F2,500,11,1010,12000211,30,500,-10.0,10.0,0.0,2.4867479425727073e-217,2.3875133837695893e+259,2.4867479425727073e-217,28.12920579999627,PASS
F2,500,12,1011,12000212,30,500,-10.0,10.0,0.0,9.700120900241242e-221,2.9858369526471946e+269,9.700120900241242e-221,28.168788900002255,PASS
F2,500,13,1012,12000213,30,500,-10.0,10.0,0.0,0.0,3.3136887548682355e+267,0.0,27.71651670000574,PASS
F2,500,14,1013,12000214,30,500,-10.0,10.0,0.0,4.0527270387740473e-265,1.3571995299869496e+259,4.0527270387740473e-265,27.712049800000386,PASS
F2,500,16,1015,12000216,30,500,-10.0,10.0,0.0,9.582037668329082e-217,2.472023950215727e+263,9.582037668329082e-217,27.879879999993136,PASS
F2,500,15,1014,12000215,30,500,-10.0,10.0,0.0,6.068543861925054e-256,6.841858897109434e+271,6.068543861925054e-256,28.01960820000386,PASS
F2,500,17,1016,12000217,30,500,-10.0,10.0,0.0,0.0,8.538926575177543e+268,0.0,29.243415799996,PASS
F2,500,18,1017,12000218,30,500,-10.0,10.0,0.0,0.0,3.46505330911676e+261,0.0,29.5476645000017,PASS
F2,500,19,1018,12000219,30,500,-10.0,10.0,0.0,0.0,9.602366347383845e+261,0.0,29.58014030000777,PASS
F2,500,20,1019,12000220,30,500,-10.0,10.0,0.0,0.0,6.0914727714093155e+261,0.0,29.485569600001327,PASS
F2,500,22,1021,12000222,30,500,-10.0,10.0,0.0,6.888561603852244e-236,3.2712869714221248e+264,6.888561603852244e-236,28.0278180000023,PASS
F2,500,24,1023,12000224,30,500,-10.0,10.0,0.0,1.423643114693392e-237,3.1940687792969766e+256,1.423643114693392e-237,28.11067670000193,PASS
F2,500,23,1022,12000223,30,500,-10.0,10.0,0.0,0.0,1.3002256584985966e+268,0.0,28.164124300004914,PASS
F2,500,21,1020,12000221,30,500,-10.0,10.0,0.0,7.630864842434712e-266,3.439084847662614e+260,7.630864842434712e-266,28.367837099998724,PASS
F2,500,25,1024,12000225,30,500,-10.0,10.0,0.0,0.0,5.97889631642674e+266,0.0,28.931767000001855,PASS
F2,500,27,1026,12000227,30,500,-10.0,10.0,0.0,0.0,5.226191449388157e+255,0.0,28.916554900002666,PASS
F2,500,26,1025,12000226,30,500,-10.0,10.0,0.0,0.0,2.0550893923941325e+260,0.0,29.35722179998993,PASS
F2,500,28,1027,12000228,30,500,-10.0,10.0,0.0,1.951954707374378e-219,1.0789769936277653e+260,1.951954707374378e-219,29.11812820000341,PASS
F2,500,29,1028,12000229,30,500,-10.0,10.0,0.0,3.2559534380621962e-224,3.1928224684150154e+265,3.2559534380621962e-224,27.46879079999053,PASS
F2,500,30,1029,12000230,30,500,-10.0,10.0,0.0,0.0,1.391677535837601e+265,0.0,27.70502100000158,PASS
F3,500,2,1001,12000302,30,500,-100.0,100.0,0.0,0.0,28374966.393816248,0.0,27.834564400007366,PASS
F3,500,1,1000,12000301,30,500,-100.0,100.0,0.0,0.0,19123951.559473667,0.0,27.880855199997313,PASS
F3,500,3,1002,12000303,30,500,-100.0,100.0,0.0,0.0,27963533.593091674,0.0,28.000141099997563,PASS
F3,500,4,1003,12000304,30,500,-100.0,100.0,0.0,0.0,29061747.790875643,0.0,28.150057599996217,PASS
F3,500,6,1005,12000306,30,500,-100.0,100.0,0.0,0.0,31351768.694351085,0.0,28.062808800008497,PASS
F3,500,5,1004,12000305,30,500,-100.0,100.0,0.0,0.0,34130436.469597444,0.0,28.347175300004892,PASS
F3,500,7,1006,12000307,30,500,-100.0,100.0,0.0,0.0,36879981.703226574,0.0,28.023546099997475,PASS
F3,500,9,1008,12000309,30,500,-100.0,100.0,0.0,0.0,26866998.80013179,0.0,28.077987300013774,PASS
F3,500,8,1007,12000308,30,500,-100.0,100.0,0.0,0.0,32222479.26341857,0.0,28.21520619999501,PASS
F3,500,10,1009,12000310,30,500,-100.0,100.0,0.0,0.0,41445587.74910604,0.0,28.35473869999987,PASS
F3,500,11,1010,12000311,30,500,-100.0,100.0,0.0,0.0,31124754.265165687,0.0,28.038375799995265,PASS
F3,500,12,1011,12000312,30,500,-100.0,100.0,0.0,0.0,26315281.534591705,0.0,28.12657360000594,PASS
F3,500,13,1012,12000313,30,500,-100.0,100.0,0.0,0.0,29499069.34695722,0.0,28.069750800001202,PASS
F3,500,14,1013,12000314,30,500,-100.0,100.0,0.0,0.0,27081036.44435052,0.0,27.940005899989046,PASS
F3,500,18,1017,12000318,30,500,-100.0,100.0,0.0,0.0,61084740.55250269,0.0,27.44141139999556,PASS
F3,500,16,1015,12000316,30,500,-100.0,100.0,0.0,0.0,48798405.47936585,0.0,27.507216300000437,PASS
F3,500,15,1014,12000315,30,500,-100.0,100.0,0.0,0.0,41282557.68618578,0.0,27.649047900005826,PASS
F3,500,17,1016,12000317,30,500,-100.0,100.0,0.0,0.0,26641147.139419243,0.0,27.60431690000405,PASS
F3,500,19,1018,12000319,30,500,-100.0,100.0,0.0,0.0,30275008.091476254,0.0,28.233022700005677,PASS
F3,500,20,1019,12000320,30,500,-100.0,100.0,0.0,0.0,19604208.494402174,0.0,28.3381456000061,PASS
F3,500,21,1020,12000321,30,500,-100.0,100.0,0.0,0.0,44562956.39341847,0.0,28.330140999998548,PASS
F3,500,22,1021,12000322,30,500,-100.0,100.0,0.0,0.0,42579130.93919616,0.0,28.340855800008285,PASS
F3,500,24,1023,12000324,30,500,-100.0,100.0,0.0,0.0,47476634.053220734,0.0,27.36192329999176,PASS
F3,500,23,1022,12000323,30,500,-100.0,100.0,0.0,0.0,36134815.15464115,0.0,27.587915500000236,PASS
F3,500,25,1024,12000325,30,500,-100.0,100.0,0.0,0.0,41348799.21397893,0.0,27.99416669999482,PASS
F3,500,26,1025,12000326,30,500,-100.0,100.0,0.0,0.0,24035736.111022875,0.0,28.166628899998614,PASS
F3,500,28,1027,12000328,30,500,-100.0,100.0,0.0,0.0,40428141.22463523,0.0,29.13633179999306,PASS
F3,500,27,1026,12000327,30,500,-100.0,100.0,0.0,0.0,59923572.67377663,0.0,29.368850500002736,PASS
F3,500,29,1028,12000329,30,500,-100.0,100.0,0.0,0.0,53302098.09603003,0.0,29.099001299997326,PASS
F3,500,30,1029,12000330,30,500,-100.0,100.0,0.0,0.0,55064182.077327326,0.0,29.438257000001613,PASS
F4,500,1,1000,12000401,30,500,-100.0,100.0,0.0,9.612868274596765e-244,98.82573957111822,9.612868274596765e-244,27.462526400006027,PASS
F4,500,2,1001,12000402,30,500,-100.0,100.0,0.0,6.508757784287086e-222,99.3914793044452,6.508757784287086e-222,27.514087200004724,PASS
F4,500,4,1003,12000404,30,500,-100.0,100.0,0.0,1.629280950451038e-205,99.06577732752325,1.629280950451038e-205,27.723603399994317,PASS
F4,500,3,1002,12000403,30,500,-100.0,100.0,0.0,0.0,99.2985421366987,0.0,27.96497930001351,PASS
F4,500,6,1005,12000406,30,500,-100.0,100.0,0.0,3.527196987675632e-217,99.43231423559641,3.527196987675632e-217,27.45602769999823,PASS
F4,500,5,1004,12000405,30,500,-100.0,100.0,0.0,0.0,99.35844152416371,0.0,27.761751800004276,PASS
F4,500,7,1006,12000407,30,500,-100.0,100.0,0.0,7.656847759797086e-257,99.03305472759769,7.656847759797086e-257,27.775531999999657,PASS
F4,500,8,1007,12000408,30,500,-100.0,100.0,0.0,7.830522624413378e-239,99.39235522144534,7.830522624413378e-239,27.657776799998828,PASS
F4,500,12,1011,12000412,30,500,-100.0,100.0,0.0,9.610000604743593e-211,99.24669304793781,9.610000604743593e-211,29.628151800003252,PASS
F4,500,11,1010,12000411,30,500,-100.0,100.0,0.0,0.0,99.29592587281985,0.0,29.723852199997054,PASS
F4,500,9,1008,12000409,30,500,-100.0,100.0,0.0,0.0,99.29642622730303,0.0,29.859855899994727,PASS
F4,500,10,1009,12000410,30,500,-100.0,100.0,0.0,5.893124639855961e-246,99.57027730531323,5.893124639855961e-246,30.615340899996227,PASS
F4,500,14,1013,12000414,30,500,-100.0,100.0,0.0,0.0,99.25245132200064,0.0,44.24243969999952,PASS
F4,500,15,1014,12000415,30,500,-100.0,100.0,0.0,1.4716151899550067e-228,99.19971787878984,1.4716151899550067e-228,44.26963959999557,PASS
F4,500,13,1012,12000413,30,500,-100.0,100.0,0.0,0.0,99.07289487397259,0.0,44.48093849999714,PASS
F4,500,16,1015,12000416,30,500,-100.0,100.0,0.0,1.693839971853509e-234,99.22801958570824,1.693839971853509e-234,44.11063110000396,PASS
F4,500,18,1017,12000418,30,500,-100.0,100.0,0.0,2.392130454506685e-218,99.62446295665417,2.392130454506685e-218,43.3799752999912,PASS
F4,500,17,1016,12000417,30,500,-100.0,100.0,0.0,4.059194226551986e-209,99.34308991825085,4.059194226551986e-209,43.73396729999513,PASS
F4,500,20,1019,12000420,30,500,-100.0,100.0,0.0,5.31192153043265e-233,98.93502476993066,5.31192153043265e-233,44.001807499997085,PASS
F4,500,19,1018,12000419,30,500,-100.0,100.0,0.0,1.1645238100294968e-216,99.21774145820213,1.1645238100294968e-216,44.27473689999897,PASS
F4,500,22,1021,12000422,30,500,-100.0,100.0,0.0,2.6843093783939384e-227,99.48455016465738,2.6843093783939384e-227,42.50639690000389,PASS
F4,500,23,1022,12000423,30,500,-100.0,100.0,0.0,0.0,99.13457266603814,0.0,42.251045599987265,PASS
F4,500,21,1020,12000421,30,500,-100.0,100.0,0.0,9.135036737487954e-240,99.06699113990318,9.135036737487954e-240,43.075610300002154,PASS
F4,500,24,1023,12000424,30,500,-100.0,100.0,0.0,0.0,99.04474797473503,0.0,42.27400469999702,PASS
F4,500,26,1025,12000426,30,500,-100.0,100.0,0.0,6.474874378153915e-289,99.27593598358438,6.474874378153915e-289,43.15688470000168,PASS
F4,500,28,1027,12000428,30,500,-100.0,100.0,0.0,1.6229147803779482e-253,99.47180525421868,1.6229147803779482e-253,43.347923400011496,PASS
F4,500,27,1026,12000427,30,500,-100.0,100.0,0.0,0.0,99.3065546317458,0.0,43.37497620000795,PASS
F4,500,25,1024,12000425,30,500,-100.0,100.0,0.0,1.7470475630342118e-210,99.20301500340962,1.7470475630342118e-210,43.651317600000766,PASS
F4,500,30,1029,12000430,30,500,-100.0,100.0,0.0,0.0,99.24109195912277,0.0,42.281801700009964,PASS
F4,500,29,1028,12000429,30,500,-100.0,100.0,0.0,1.2374766908939052e-207,98.9516403415178,1.2374766908939052e-207,42.71781139999803,PASS
F5,500,1,1000,12000501,30,500,-30.0,30.0,0.0,498.9674010961612,7003593897.557827,498.9674010961612,42.77678050000395,PASS
F5,500,2,1001,12000502,30,500,-30.0,30.0,0.0,498.9724219048398,7274673328.387207,498.9724219048398,42.627602099993965,PASS
F5,500,5,1004,12000505,30,500,-30.0,30.0,0.0,498.7726429008259,7002989401.631887,498.7726429008259,46.55978690000484,PASS
F5,500,6,1005,12000506,30,500,-30.0,30.0,0.0,498.9781367134482,7382826585.166994,498.9781367134482,46.74079599999823,PASS
F5,500,4,1003,12000504,30,500,-30.0,30.0,0.0,498.96702926226214,7437418784.402611,498.96702926226214,46.947719699994195,PASS
F5,500,3,1002,12000503,30,500,-30.0,30.0,0.0,498.9849972941581,7103338678.726728,498.9849972941581,47.1660869000043,PASS
F5,500,7,1006,12000507,30,500,-30.0,30.0,0.0,498.9630315073192,7441508579.477596,498.9630315073192,46.78662040000199,PASS
F5,500,8,1007,12000508,30,500,-30.0,30.0,0.0,498.983287024297,7094617508.67687,498.983287024297,46.80588290000742,PASS
F5,500,10,1009,12000510,30,500,-30.0,30.0,0.0,498.9801897998701,7259953992.148479,498.9801897998701,46.65951050000149,PASS
F5,500,9,1008,12000509,30,500,-30.0,30.0,0.0,498.97632772128895,7597198443.802919,498.97632772128895,47.16032510000514,PASS
F5,500,14,1013,12000514,30,500,-30.0,30.0,0.0,498.97371036897175,7278331050.685431,498.97371036897175,44.62499280000338,PASS
F5,500,11,1010,12000511,30,500,-30.0,30.0,0.0,498.77137877838237,7038804297.818391,498.77137877838237,44.76024600000528,PASS
F5,500,12,1011,12000512,30,500,-30.0,30.0,0.0,498.9814721203885,7366360185.696892,498.9814721203885,45.0077420000016,PASS
F5,500,13,1012,12000513,30,500,-30.0,30.0,0.0,498.97871524887705,7084580353.149347,498.97871524887705,45.25075259999721,PASS
F5,500,15,1014,12000515,30,500,-30.0,30.0,0.0,498.97661896041745,7319947149.349327,498.97661896041745,27.999512700000196,PASS
F5,500,16,1015,12000516,30,500,-30.0,30.0,0.0,498.9800221859465,7329615876.75792,498.9800221859465,28.193572200005292,PASS
F5,500,17,1016,12000517,30,500,-30.0,30.0,0.0,498.96521530967004,7201822035.256985,498.96521530967004,28.053882300009718,PASS
F5,500,18,1017,12000518,30,500,-30.0,30.0,0.0,498.980472519805,7426385160.552355,498.980472519805,28.11981439999363,PASS
F5,500,19,1018,12000519,30,500,-30.0,30.0,0.0,498.96993647857215,7164141450.771435,498.96993647857215,28.36822009999014,PASS
F5,500,22,1021,12000522,30,500,-30.0,30.0,0.0,498.96744281698136,7215255405.132742,498.96744281698136,28.35027500000433,PASS
F5,500,21,1020,12000521,30,500,-30.0,30.0,0.0,498.98406108082924,6608278030.464783,498.98406108082924,28.446900700000697,PASS
F5,500,20,1019,12000520,30,500,-30.0,30.0,0.0,498.97650189250385,7154344512.3412285,498.97650189250385,28.957192699992447,PASS
F5,500,25,1024,12000525,30,500,-30.0,30.0,0.0,498.9820065739323,6830816781.106368,498.9820065739323,27.67022499999439,PASS
F5,500,24,1023,12000524,30,500,-30.0,30.0,0.0,498.77110983416117,6975285202.44602,498.77110983416117,27.875200700000278,PASS
F5,500,23,1022,12000523,30,500,-30.0,30.0,0.0,498.9684626578739,6937458121.121857,498.9684626578739,27.9740393999964,PASS
F5,500,26,1025,12000526,30,500,-30.0,30.0,0.0,498.9792660279586,7296396783.816689,498.9792660279586,27.930969200009713,PASS
F5,500,29,1028,12000529,30,500,-30.0,30.0,0.0,498.77318827670933,7137860376.189676,498.77318827670933,32.70614300000307,PASS
F5,500,28,1027,12000528,30,500,-30.0,30.0,0.0,498.9717479196638,6993240799.815649,498.9717479196638,32.79248429999279,PASS
F5,500,27,1026,12000527,30,500,-30.0,30.0,0.0,498.9765194247215,6679115879.991125,498.9765194247215,32.91474659999949,PASS
F5,500,30,1029,12000530,30,500,-30.0,30.0,0.0,498.974732305468,7190305945.475853,498.974732305468,32.930004299996654,PASS
F6,500,2,1001,12000602,30,500,-100.0,100.0,0.0,124.57264479758783,1546306.716587031,124.57264479758783,29.268362599992543,PASS
F6,500,1,1000,12000601,30,500,-100.0,100.0,0.0,124.68775705073662,1539604.1567562418,124.68775705073662,29.48530450000544,PASS
F6,500,3,1002,12000603,30,500,-100.0,100.0,0.0,124.58378460984446,1532796.1018040865,124.58378460984446,29.37514970000484,PASS
F6,500,4,1003,12000604,30,500,-100.0,100.0,0.0,124.72177462955273,1569798.45719367,124.72177462955273,29.58823239999765,PASS
F6,500,5,1004,12000605,30,500,-100.0,100.0,0.0,124.51158632896389,1512918.539398882,124.51158632896389,33.11136949999491,PASS
F6,500,6,1005,12000606,30,500,-100.0,100.0,0.0,124.61288063376234,1590340.6378091096,124.61288063376234,33.36030879999453,PASS
F6,500,7,1006,12000607,30,500,-100.0,100.0,0.0,124.58703646468979,1569429.6861649847,124.58703646468979,33.35925060001318,PASS
F6,500,8,1007,12000608,30,500,-100.0,100.0,0.0,124.63648495606509,1520311.029628926,124.63648495606509,33.63126509998983,PASS
F6,500,9,1008,12000609,30,500,-100.0,100.0,0.0,124.73788978849137,1569814.95464436,124.73788978849137,28.911341200000606,PASS
F6,500,10,1009,12000610,30,500,-100.0,100.0,0.0,124.57747600618285,1563554.2945371815,124.57747600618285,29.064786200004164,PASS
F6,500,11,1010,12000611,30,500,-100.0,100.0,0.0,124.59345487854367,1538155.0671825588,124.59345487854367,29.05924989999039,PASS
F6,500,12,1011,12000612,30,500,-100.0,100.0,0.0,124.61239800791034,1572483.3699605414,124.61239800791034,29.210363499994855,PASS
F6,500,15,1014,12000615,30,500,-100.0,100.0,0.0,124.76204842893054,1570148.44557427,124.76204842893054,30.757534099990153,PASS
F6,500,14,1013,12000614,30,500,-100.0,100.0,0.0,124.26254372653983,1530534.3828436043,124.26254372653983,31.072624100008397,PASS
F6,500,16,1015,12000616,30,500,-100.0,100.0,0.0,124.69893446599814,1555348.3884553774,124.69893446599814,31.291249500005506,PASS
F6,500,13,1012,12000613,30,500,-100.0,100.0,0.0,124.64908717918485,1548802.7130385304,124.64908717918485,31.58182210000814,PASS
F6,500,18,1017,12000618,30,500,-100.0,100.0,0.0,124.75354411050148,1559934.2378684205,124.75354411050148,30.928730799991172,PASS
F6,500,17,1016,12000617,30,500,-100.0,100.0,0.0,124.53041958449911,1531466.407947715,124.53041958449911,31.33092680000118,PASS
F6,500,19,1018,12000619,30,500,-100.0,100.0,0.0,124.58455559333544,1549790.6183031478,124.58455559333544,31.120997699996224,PASS
F6,500,20,1019,12000620,30,500,-100.0,100.0,0.0,124.74702137565679,1526588.5372247417,124.74702137565679,31.31857279999531,PASS
F6,500,24,1023,12000624,30,500,-100.0,100.0,0.0,124.5953741192069,1534639.6680983142,124.5953741192069,30.255557499986026,PASS
F6,500,23,1022,12000623,30,500,-100.0,100.0,0.0,124.59782368968087,1510974.5687937231,124.59782368968087,30.87764920000336,PASS
F6,500,21,1020,12000621,30,500,-100.0,100.0,0.0,124.65938346727201,1497887.9324318902,124.65938346727201,31.02329140000802,PASS
F6,500,22,1021,12000622,30,500,-100.0,100.0,0.0,124.73923674229397,1559899.8601482934,124.73923674229397,31.331030400004238,PASS
F6,500,25,1024,12000625,30,500,-100.0,100.0,0.0,124.72958287527649,1499182.567606785,124.72958287527649,31.05253700001049,PASS
F6,500,26,1025,12000626,30,500,-100.0,100.0,0.0,124.75145902189928,1552656.9125326513,124.75145902189928,31.232783999992535,PASS
F6,500,27,1026,12000627,30,500,-100.0,100.0,0.0,124.57147077543405,1453690.599017827,124.57147077543405,31.177058800007217,PASS
F6,500,28,1027,12000628,30,500,-100.0,100.0,0.0,124.56859032851682,1544437.0187135322,124.56859032851682,31.264349199991557,PASS
F6,500,30,1029,12000630,30,500,-100.0,100.0,0.0,124.53585815875654,1570820.4380294299,124.53585815875654,31.32085360000201,PASS
F7,500,2,1001,12000702,30,500,-1.28,1.28,0.0,2.789022729543511e-06,59206.380762988214,2.789022729543511e-06,31.388443300005747,PASS
F7,500,1,1000,12000701,30,500,-1.28,1.28,0.0,0.0001641678937281954,58054.896456765855,0.0001641678937281954,31.724911299999803,PASS
F6,500,29,1028,12000629,30,500,-100.0,100.0,0.0,124.75367229484485,1523640.2067659465,124.75367229484485,31.802162200008752,PASS
F7,500,3,1002,12000703,30,500,-1.28,1.28,0.0,0.00013924690466449174,59126.33761505308,0.00013924690466449174,31.716462299998966,PASS
F7,500,4,1003,12000704,30,500,-1.28,1.28,0.0,1.230351590586487e-05,61312.849843422606,1.230351590586487e-05,31.752006199996686,PASS
F7,500,6,1005,12000706,30,500,-1.28,1.28,0.0,0.00021210415259464988,56676.44512611209,0.00021210415259464988,31.624616999994032,PASS
F7,500,5,1004,12000705,30,500,-1.28,1.28,0.0,1.060784867390474e-06,57278.71770889319,1.060784867390474e-06,31.66700669999409,PASS
F7,500,9,1008,12000709,30,500,-1.28,1.28,0.0,2.5485112341128158e-05,61501.13042404651,2.5485112341128158e-05,31.524708199998713,PASS
F7,500,10,1009,12000710,30,500,-1.28,1.28,0.0,0.00011128035325813634,58111.44490638073,0.00011128035325813634,31.675855199995567,PASS
F7,500,7,1006,12000707,30,500,-1.28,1.28,0.0,4.576197018368866e-05,60672.60985670364,4.576197018368866e-05,31.777276199994958,PASS
F7,500,8,1007,12000708,30,500,-1.28,1.28,0.0,9.674049339691848e-05,57253.94290878405,9.674049339691848e-05,31.977659700001823,PASS
F7,500,11,1010,12000711,30,500,-1.28,1.28,0.0,0.00011849407603015116,57064.41335108946,0.00011849407603015116,33.341833500002394,PASS
F7,500,12,1011,12000712,30,500,-1.28,1.28,0.0,0.00045231011004942534,59188.30486580019,0.00045231011004942534,33.72697370000242,PASS
F7,500,13,1012,12000713,30,500,-1.28,1.28,0.0,8.048513971070648e-06,57888.3454218093,8.048513971070648e-06,33.67227439999988,PASS
F7,500,14,1013,12000714,30,500,-1.28,1.28,0.0,0.00010730330374164598,58027.86288115269,0.00010730330374164598,33.78792319999775,PASS
F7,500,16,1015,12000716,30,500,-1.28,1.28,0.0,2.8129454275771515e-05,61028.95409128101,2.8129454275771515e-05,31.347149699999136,PASS
F7,500,15,1014,12000715,30,500,-1.28,1.28,0.0,0.00012128105127529043,60293.59334219078,0.00012128105127529043,31.489291399993817,PASS
F7,500,17,1016,12000717,30,500,-1.28,1.28,0.0,2.111454606146257e-05,61921.141385090355,2.111454606146257e-05,31.609643799994956,PASS
F7,500,18,1017,12000718,30,500,-1.28,1.28,0.0,5.516138825623074e-05,59235.71696625927,5.516138825623074e-05,31.953203900004155,PASS
F7,500,19,1018,12000719,30,500,-1.28,1.28,0.0,1.4056038384113734e-05,59190.51106705358,1.4056038384113734e-05,32.07860470000014,PASS
F7,500,20,1019,12000720,30,500,-1.28,1.28,0.0,8.407823733158626e-05,60163.39686704021,8.407823733158626e-05,32.2104074999952,PASS
F7,500,22,1021,12000722,30,500,-1.28,1.28,0.0,0.00014612340621789066,60106.57300732299,0.00014612340621789066,32.10153270000592,PASS
F7,500,21,1020,12000721,30,500,-1.28,1.28,0.0,0.0001464981805605614,53494.0065919819,0.0001464981805605614,32.53682919999119,PASS
F7,500,26,1025,12000726,30,500,-1.28,1.28,0.0,3.021082351051252e-05,57821.201763946956,3.021082351051252e-05,31.891398900013883,PASS
F7,500,25,1024,12000725,30,500,-1.28,1.28,0.0,8.478343240336805e-05,56154.91411384022,8.478343240336805e-05,31.972137599994312,PASS
F7,500,24,1023,12000724,30,500,-1.28,1.28,0.0,0.00013431345672887396,56285.66926934683,0.00013431345672887396,32.02424360001169,PASS
F7,500,23,1022,12000723,30,500,-1.28,1.28,0.0,0.0002239652501586642,57042.617143924675,0.0002239652501586642,32.145453099990846,PASS
F7,500,27,1026,12000727,30,500,-1.28,1.28,0.0,0.00027257271172209663,54761.450808194735,0.00027257271172209663,32.13137079999433,PASS
F7,500,28,1027,12000728,30,500,-1.28,1.28,0.0,1.9349367632259806e-05,55934.89541720728,1.9349367632259806e-05,32.1591683000006,PASS
F7,500,29,1028,12000729,30,500,-1.28,1.28,0.0,0.00010041316662523503,59029.88513281124,0.00010041316662523503,32.54809870000463,PASS
F7,500,30,1029,12000730,30,500,-1.28,1.28,0.0,3.179292349131391e-05,58775.53246399075,3.179292349131391e-05,32.47556399999303,PASS
F8,500,4,1003,12000804,30,500,-500.0,500.0,-209491.44999999998,-45692.230699559674,-10086.949702343858,-45692.230699559674,31.950780300001497,PASS
F8,500,1,1000,12000801,30,500,-500.0,500.0,-209491.44999999998,-24064.420937982548,-9362.847237906979,-24064.420937982548,32.00838010000007,PASS
F8,500,2,1001,12000802,30,500,-500.0,500.0,-209491.44999999998,-46830.61127053987,-8522.160758274578,-46830.61127053987,32.050509599997895,PASS
F8,500,3,1002,12000803,30,500,-500.0,500.0,-209491.44999999998,-24601.89101681942,-6525.22165887224,-24601.89101681942,32.207222099998035,PASS
F8,500,7,1006,12000807,30,500,-500.0,500.0,-209491.44999999998,-36897.97850151326,-10652.895059604885,-36897.97850151326,32.179076300002635,PASS
F8,500,6,1005,12000806,30,500,-500.0,500.0,-209491.44999999998,-26272.91950628155,-11983.39153288847,-26272.91950628155,32.27946160000283,PASS
F8,500,5,1004,12000805,30,500,-500.0,500.0,-209491.44999999998,-21698.6878477388,-8440.355849446361,-21698.6878477388,32.33200070000021,PASS
F8,500,8,1007,12000808,30,500,-500.0,500.0,-209491.44999999998,-27810.000377361644,-9826.435043497253,-27810.000377361644,32.3234414000035,PASS
F8,500,12,1011,12000812,30,500,-500.0,500.0,-209491.44999999998,-43707.4223489643,-8142.291616708319,-43707.4223489643,32.80499710000004,PASS
F8,500,10,1009,12000810,30,500,-500.0,500.0,-209491.44999999998,-21134.990876345844,-5058.077429379955,-21134.990876345844,32.88899969999329,PASS
F8,500,9,1008,12000809,30,500,-500.0,500.0,-209491.44999999998,-54552.16055455957,-5240.098998124968,-54552.16055455957,33.41223230000469,PASS
F8,500,11,1010,12000811,30,500,-500.0,500.0,-209491.44999999998,-42584.938902571834,-10586.6259618847,-42584.938902571834,33.44044289999874,PASS
F8,500,14,1013,12000814,30,500,-500.0,500.0,-209491.44999999998,-90562.92018605312,-7792.332236305077,-90562.92018605312,30.958560700004455,PASS
F8,500,13,1012,12000813,30,500,-500.0,500.0,-209491.44999999998,-24729.181188777708,-10165.545282824747,-24729.181188777708,31.55865310000081,PASS
F8,500,16,1015,12000816,30,500,-500.0,500.0,-209491.44999999998,-209344.00219002328,-7560.102053823706,-209344.00219002328,31.060287100001005,PASS
F8,500,15,1014,12000815,30,500,-500.0,500.0,-209491.44999999998,-100483.93508235984,-8546.908397482566,-100483.93508235984,31.278276400000323,PASS
F8,500,19,1018,12000819,30,500,-500.0,500.0,-209491.44999999998,-23043.803685237668,-9603.408411355253,-23043.803685237668,137.40057789999992,PASS
F8,500,17,1016,12000817,30,500,-500.0,500.0,-209491.44999999998,-25974.633690797327,-12232.582732435108,-25974.633690797327,137.6582921000081,PASS
F8,500,18,1017,12000818,30,500,-500.0,500.0,-209491.44999999998,-46707.343537418754,-9934.81405372276,-46707.343537418754,144.44438730001275,PASS
F8,500,20,1019,12000820,30,500,-500.0,500.0,-209491.44999999998,-43511.71677085893,-8144.667479382656,-43511.71677085893,149.38583039998775,PASS
F8,500,21,1020,12000821,30,500,-500.0,500.0,-209491.44999999998,-46859.42865933156,-7927.49716196259,-46859.42865933156,118.81304090000049,PASS
F8,500,22,1021,12000822,30,500,-500.0,500.0,-209491.44999999998,-52531.08366969734,-9415.289410898158,-52531.08366969734,118.89606070000445,PASS
F8,500,23,1022,12000823,30,500,-500.0,500.0,-209491.44999999998,-22512.709945232426,-7622.488981183042,-22512.709945232426,112.90680979999888,PASS
F8,500,24,1023,12000824,30,500,-500.0,500.0,-209491.44999999998,-98870.5914473156,-10421.494552394284,-98870.5914473156,108.08296469999186,PASS
F8,500,28,1027,12000828,30,500,-500.0,500.0,-209491.44999999998,-24972.20522485892,-9782.339161606204,-24972.20522485892,29.105635799991433,PASS
F8,500,25,1024,12000825,30,500,-500.0,500.0,-209491.44999999998,-25308.73722520317,-13331.949361069088,-25308.73722520317,29.357467299996642,PASS
F8,500,26,1025,12000826,30,500,-500.0,500.0,-209491.44999999998,-22211.377538379245,-9848.417376414789,-22211.377538379245,29.380103899995447,PASS
F8,500,27,1026,12000827,30,500,-500.0,500.0,-209491.44999999998,-19427.901158617744,-7728.392464421607,-19427.901158617744,29.387605800002348,PASS
F8,500,30,1029,12000830,30,500,-500.0,500.0,-209491.44999999998,-45499.23773428701,-8311.783774309924,-45499.23773428701,34.31674290000228,PASS
F8,500,29,1028,12000829,30,500,-500.0,500.0,-209491.44999999998,-25159.98940596638,-7958.922819345722,-25159.98940596638,34.52795950000291,PASS
F9,500,2,1001,12000902,30,500,-5.12,5.12,0.0,0.0,8741.904132486443,0.0,34.40890650000074,PASS
F9,500,1,1000,12000901,30,500,-5.12,5.12,0.0,0.0,8764.55696876221,0.0,34.58292420000362,PASS
F9,500,6,1005,12000906,30,500,-5.12,5.12,0.0,0.0,8825.203950274808,0.0,29.188256399997044,PASS
F9,500,3,1002,12000903,30,500,-5.12,5.12,0.0,0.0,8689.989269114521,0.0,29.33547050000925,PASS
F9,500,4,1003,12000904,30,500,-5.12,5.12,0.0,0.0,8884.966920409699,0.0,29.301192800005083,PASS
F9,500,5,1004,12000905,30,500,-5.12,5.12,0.0,0.0,8802.279456962406,0.0,29.45786880000378,PASS
F9,500,9,1008,12000909,30,500,-5.12,5.12,0.0,0.0,8911.409538707576,0.0,27.958235400001286,PASS
F9,500,7,1006,12000907,30,500,-5.12,5.12,0.0,0.0,8862.978466412595,0.0,28.15993100000196,PASS
F9,500,10,1009,12000910,30,500,-5.12,5.12,0.0,0.0,8818.27496226222,0.0,28.14330379999592,PASS
F9,500,8,1007,12000908,30,500,-5.12,5.12,0.0,0.0,8766.154093300926,0.0,28.45954460000212,PASS
F9,500,11,1010,12000911,30,500,-5.12,5.12,0.0,0.0,8686.288677418532,0.0,28.946438600003603,PASS
F9,500,12,1011,12000912,30,500,-5.12,5.12,0.0,0.0,8717.227828853971,0.0,28.996699600000284,PASS
F9,500,13,1012,12000913,30,500,-5.12,5.12,0.0,0.0,8810.49115001156,0.0,29.03239969999413,PASS
F9,500,14,1013,12000914,30,500,-5.12,5.12,0.0,0.0,8838.314437954354,0.0,29.369064400001662,PASS
F9,500,16,1015,12000916,30,500,-5.12,5.12,0.0,0.0,8808.833580474231,0.0,29.81751809999696,PASS
F9,500,15,1014,12000915,30,500,-5.12,5.12,0.0,0.0,8819.108422229041,0.0,29.875997100010864,PASS
F9,500,17,1016,12000917,30,500,-5.12,5.12,0.0,0.0,8867.047396829272,0.0,29.992965600002208,PASS
F9,500,18,1017,12000918,30,500,-5.12,5.12,0.0,0.0,8818.44738563319,0.0,29.698388799995882,PASS
F9,500,20,1019,12000920,30,500,-5.12,5.12,0.0,0.0,8866.608430442811,0.0,30.319703799992567,PASS
F9,500,19,1018,12000919,30,500,-5.12,5.12,0.0,0.0,8765.913082700763,0.0,30.441287999987253,PASS
F9,500,22,1021,12000922,30,500,-5.12,5.12,0.0,0.0,8929.572188688111,0.0,30.52565450000111,PASS
F9,500,21,1020,12000921,30,500,-5.12,5.12,0.0,0.0,8897.190323787752,0.0,30.780954899993958,PASS
F9,500,24,1023,12000924,30,500,-5.12,5.12,0.0,0.0,8731.891178875441,0.0,27.66663839999819,PASS
F9,500,23,1022,12000923,30,500,-5.12,5.12,0.0,0.0,8648.335536863971,0.0,27.801046300010057,PASS
F9,500,25,1024,12000925,30,500,-5.12,5.12,0.0,0.0,8764.84210936576,0.0,28.070085100000142,PASS
F9,500,26,1025,12000926,30,500,-5.12,5.12,0.0,0.0,8930.962669336048,0.0,27.85268619999988,PASS
F9,500,30,1029,12000930,30,500,-5.12,5.12,0.0,0.0,8724.105423356343,0.0,28.811428300003172,PASS
F9,500,27,1026,12000927,30,500,-5.12,5.12,0.0,0.0,8508.221781434117,0.0,28.933211700001266,PASS
F9,500,28,1027,12000928,30,500,-5.12,5.12,0.0,0.0,8856.383170767027,0.0,29.03702920000069,PASS
F9,500,29,1028,12000929,30,500,-5.12,5.12,0.0,0.0,8826.34751489063,0.0,29.4613176999992,PASS
F10,500,2,1001,12001002,30,500,-32.0,32.0,0.0,4.440892098500626e-16,21.12450927626055,4.440892098500626e-16,29.009854299991275,PASS
F10,500,1,1000,12001001,30,500,-32.0,32.0,0.0,4.440892098500626e-16,21.092303559231848,4.440892098500626e-16,29.110615900004632,PASS
F10,500,3,1002,12001003,30,500,-32.0,32.0,0.0,4.440892098500626e-16,21.124010786058072,4.440892098500626e-16,29.236446499999147,PASS
F10,500,4,1003,12001004,30,500,-32.0,32.0,0.0,4.440892098500626e-16,21.14341521574512,4.440892098500626e-16,29.11521650000941,PASS
F10,500,6,1005,12001006,30,500,-32.0,32.0,0.0,4.440892098500626e-16,21.135702948083907,4.440892098500626e-16,30.09734349999053,PASS
F10,500,5,1004,12001005,30,500,-32.0,32.0,0.0,4.440892098500626e-16,21.10089481464102,4.440892098500626e-16,30.43907670000044,PASS
F10,500,7,1006,12001007,30,500,-32.0,32.0,0.0,4.440892098500626e-16,21.155912833782413,4.440892098500626e-16,30.69792320000124,PASS
F10,500,8,1007,12001008,30,500,-32.0,32.0,0.0,4.440892098500626e-16,21.10189753502954,4.440892098500626e-16,30.775964500004193,PASS
F10,500,10,1009,12001010,30,500,-32.0,32.0,0.0,4.440892098500626e-16,21.138177211171925,4.440892098500626e-16,29.335857300000498,PASS
F10,500,9,1008,12001009,30,500,-32.0,32.0,0.0,4.440892098500626e-16,21.117028177531587,4.440892098500626e-16,29.684490999992704,PASS
F10,500,11,1010,12001011,30,500,-32.0,32.0,0.0,4.440892098500626e-16,21.098646608868854,4.440892098500626e-16,29.536257599989767,PASS
F10,500,12,1011,12001012,30,500,-32.0,32.0,0.0,4.440892098500626e-16,21.137810356961815,4.440892098500626e-16,29.609841700003017,PASS
F10,500,16,1015,12001016,30,500,-32.0,32.0,0.0,4.440892098500626e-16,21.0888560632707,4.440892098500626e-16,28.516790699999547,PASS
F10,500,14,1013,12001014,30,500,-32.0,32.0,0.0,4.440892098500626e-16,21.15196548076669,4.440892098500626e-16,28.614168200001586,PASS
F10,500,13,1012,12001013,30,500,-32.0,32.0,0.0,4.440892098500626e-16,21.12969675503,4.440892098500626e-16,28.71592239999154,PASS
F10,500,15,1014,12001015,30,500,-32.0,32.0,0.0,4.440892098500626e-16,21.151664806389824,4.440892098500626e-16,28.76967360000708,PASS
F10,500,19,1018,12001019,30,500,-32.0,32.0,0.0,4.440892098500626e-16,21.113195387474534,4.440892098500626e-16,28.664663199990173,PASS
F10,500,20,1019,12001020,30,500,-32.0,32.0,0.0,4.440892098500626e-16,21.13354191070584,4.440892098500626e-16,28.59574240000802,PASS
F10,500,18,1017,12001018,30,500,-32.0,32.0,0.0,4.440892098500626e-16,21.13588136573048,4.440892098500626e-16,28.83632750000106,PASS
F10,500,17,1016,12001017,30,500,-32.0,32.0,0.0,4.440892098500626e-16,21.124850791452484,4.440892098500626e-16,28.965723299988895,PASS
F10,500,22,1021,12001022,30,500,-32.0,32.0,0.0,4.440892098500626e-16,21.112694303871834,4.440892098500626e-16,28.37219229999755,PASS
F10,500,21,1020,12001021,30,500,-32.0,32.0,0.0,4.440892098500626e-16,21.13532776011627,4.440892098500626e-16,28.4139409000054,PASS
F10,500,23,1022,12001023,30,500,-32.0,32.0,0.0,4.440892098500626e-16,21.09297779893844,4.440892098500626e-16,28.44239809999999,PASS
F10,500,24,1023,12001024,30,500,-32.0,32.0,0.0,4.440892098500626e-16,21.038259731763322,4.440892098500626e-16,28.673038900000392,PASS
F10,500,25,1024,12001025,30,500,-32.0,32.0,0.0,4.440892098500626e-16,21.098777405400906,4.440892098500626e-16,28.592132300007506,PASS
F10,500,26,1025,12001026,30,500,-32.0,32.0,0.0,4.440892098500626e-16,21.146469982291134,4.440892098500626e-16,28.578571000005468,PASS
F10,500,27,1026,12001027,30,500,-32.0,32.0,0.0,4.440892098500626e-16,21.03750473875054,4.440892098500626e-16,28.7125556999963,PASS
F10,500,28,1027,12001028,30,500,-32.0,32.0,0.0,4.440892098500626e-16,21.125020023362165,4.440892098500626e-16,28.64705139999569,PASS
F10,500,29,1028,12001029,30,500,-32.0,32.0,0.0,4.440892098500626e-16,21.140433306675597,4.440892098500626e-16,28.20901700000104,PASS
F11,500,1,1000,12001101,30,500,-600.0,600.0,0.0,0.0,13847.620318165911,0.0,28.24381369999901,PASS
F10,500,30,1029,12001030,30,500,-32.0,32.0,0.0,4.440892098500626e-16,21.115888589039415,4.440892098500626e-16,28.454251199989812,PASS
F11,500,2,1001,12001102,30,500,-600.0,600.0,0.0,0.0,13916.034451640828,0.0,28.70246140001109,PASS
F11,500,4,1003,12001104,30,500,-600.0,600.0,0.0,0.0,14138.060184127136,0.0,28.71344720000343,PASS
F11,500,5,1004,12001105,30,500,-600.0,600.0,0.0,0.0,13613.647742708754,0.0,28.593737299990607,PASS
F11,500,3,1002,12001103,30,500,-600.0,600.0,0.0,0.0,13815.836089627137,0.0,29.673198400007095,PASS
F11,500,6,1005,12001106,30,500,-600.0,600.0,0.0,0.0,14311.530769618588,0.0,29.416323099998408,PASS
F11,500,8,1007,12001108,30,500,-600.0,600.0,0.0,0.0,13688.74752796169,0.0,28.26363339999807,PASS
F11,500,7,1006,12001107,30,500,-600.0,600.0,0.0,0.0,14156.464744700716,0.0,28.471218799997587,PASS
F11,500,10,1009,12001110,30,500,-600.0,600.0,0.0,0.0,14075.634624741846,0.0,28.54557859999477,PASS
F11,500,9,1008,12001109,30,500,-600.0,600.0,0.0,0.0,14133.43133515539,0.0,28.615863300001365,PASS
F11,500,12,1011,12001112,30,500,-600.0,600.0,0.0,0.0,14153.310775759996,0.0,28.63077190000331,PASS
F11,500,14,1013,12001114,30,500,-600.0,600.0,0.0,0.0,13775.238421410844,0.0,28.48508070000389,PASS
F11,500,13,1012,12001113,30,500,-600.0,600.0,0.0,0.0,13922.007377554508,0.0,28.65852339999401,PASS
F11,500,11,1010,12001111,30,500,-600.0,600.0,0.0,0.0,13816.199991889174,0.0,29.00836239999626,PASS
F11,500,18,1017,12001118,30,500,-600.0,600.0,0.0,0.0,14042.264048163555,0.0,27.903060199998436,PASS
F11,500,15,1014,12001115,30,500,-600.0,600.0,0.0,0.0,14121.889512401976,0.0,28.245152200004668,PASS
F11,500,17,1016,12001117,30,500,-600.0,600.0,0.0,0.0,13777.6225186214,0.0,28.31134580000071,PASS
F11,500,16,1015,12001116,30,500,-600.0,600.0,0.0,0.0,13996.293355435218,0.0,28.55021649999253,PASS
F11,500,19,1018,12001119,30,500,-600.0,600.0,0.0,0.0,13959.004075575207,0.0,28.73235370000475,PASS
F11,500,21,1020,12001121,30,500,-600.0,600.0,0.0,0.0,13475.591939344204,0.0,28.48934569999983,PASS
F11,500,20,1019,12001120,30,500,-600.0,600.0,0.0,0.0,13742.426237103671,0.0,28.976839100010693,PASS
F11,500,22,1021,12001122,30,500,-600.0,600.0,0.0,0.0,14037.66806913614,0.0,29.033107800001744,PASS
F11,500,26,1025,12001126,30,500,-600.0,600.0,0.0,0.0,13972.08696157543,0.0,28.07312250000541,PASS
F11,500,24,1023,12001124,30,500,-600.0,600.0,0.0,0.0,13790.453932001306,0.0,28.19022399999085,PASS
F11,500,25,1024,12001125,30,500,-600.0,600.0,0.0,0.0,13477.394252624032,0.0,28.29764500001329,PASS
F11,500,23,1022,12001123,30,500,-600.0,600.0,0.0,0.0,13601.021978890338,0.0,28.553336099997978,PASS
F11,500,30,1029,12001130,30,500,-600.0,600.0,0.0,0.0,14118.897798361857,0.0,27.21137109999836,PASS
F11,500,28,1027,12001128,30,500,-600.0,600.0,0.0,0.0,13914.276064464439,0.0,27.67808280000463,PASS
F11,500,27,1026,12001127,30,500,-600.0,600.0,0.0,0.0,13081.33244387948,0.0,27.799251000004006,PASS
F11,500,29,1028,12001129,30,500,-600.0,600.0,0.0,0.0,13703.831179883957,0.0,28.069656199993915,PASS
F12,500,2,1001,12001202,30,500,-50.0,50.0,0.0,6.084422921266186e-06,17969315658.90227,6.084422921266186e-06,27.562675199995283,PASS
F12,500,4,1003,12001204,30,500,-50.0,50.0,0.0,1.202358090462538,18685895267.192364,1.202358090462538,28.04699069999333,PASS
F12,500,3,1002,12001203,30,500,-50.0,50.0,0.0,1.2021047270860394,17416339939.187855,1.2021047270860394,28.055167699989397,PASS
F12,500,1,1000,12001201,30,500,-50.0,50.0,0.0,1.1999152432374027,17012125859.75252,1.1999152432374027,28.169462800011388,PASS
F12,500,5,1004,12001205,30,500,-50.0,50.0,0.0,1.202141589609422,17289538760.36696,1.202141589609422,27.519291500007967,PASS
F12,500,7,1006,12001207,30,500,-50.0,50.0,0.0,1.2003521741869037,18349067701.056217,1.2003521741869037,27.469790899995132,PASS
F12,500,6,1005,12001206,30,500,-50.0,50.0,0.0,1.2012183690889364,18045688828.98962,1.2012183690889364,27.593770499996026,PASS
F12,500,8,1007,12001208,30,500,-50.0,50.0,0.0,1.202057986977509,17533229856.966057,1.202057986977509,27.660482899998897,PASS
F12,500,11,1010,12001211,30,500,-50.0,50.0,0.0,1.2014669041202155,17244546185.233734,1.2014669041202155,26.86065889999736,PASS
F12,500,12,1011,12001212,30,500,-50.0,50.0,0.0,1.2011356057660365,18298596639.871887,1.2011356057660365,26.975482199995895,PASS
F12,500,9,1008,12001209,30,500,-50.0,50.0,0.0,1.1992658695919047,18972740819.416004,1.1992658695919047,27.06257639999967,PASS
F12,500,10,1009,12001210,30,500,-50.0,50.0,0.0,1.2033861186898913,17994403430.731483,1.2033861186898913,27.12640530000499,PASS
F12,500,13,1012,12001213,30,500,-50.0,50.0,0.0,1.2019458115643262,17176371211.951996,1.2019458115643262,27.639622400005464,PASS
F12,500,14,1013,12001214,30,500,-50.0,50.0,0.0,1.197448046020898,18110222589.279774,1.197448046020898,27.626736800011713,PASS
F12,500,15,1014,12001215,30,500,-50.0,50.0,0.0,1.2009170184883575,17936049208.650013,1.2009170184883575,27.947738399991067,PASS
F12,500,16,1015,12001216,30,500,-50.0,50.0,0.0,1.1994516787876686,18167497619.946117,1.1994516787876686,27.859728000010364,PASS
F12,500,17,1016,12001217,30,500,-50.0,50.0,0.0,1.2019629756499692,18281361925.158398,1.2019629756499692,27.386802399996668,PASS
F12,500,19,1018,12001219,30,500,-50.0,50.0,0.0,1.2036780708104093,17681365267.31946,1.2036780708104093,27.39318500000809,PASS
F12,500,20,1019,12001220,30,500,-50.0,50.0,0.0,1.2004151600489243,17970295957.111134,1.2004151600489243,27.520690300007118,PASS
F12,500,18,1017,12001218,30,500,-50.0,50.0,0.0,1.2004042796796797,18356663599.14509,1.2004042796796797,27.55499129999953,PASS
F12,500,24,1023,12001224,30,500,-50.0,50.0,0.0,1.2000345650666608,17312981759.542385,1.2000345650666608,27.81141770000977,PASS
F12,500,21,1020,12001221,30,500,-50.0,50.0,0.0,1.2026596827233718,16144408366.629974,1.2026596827233718,28.367801000000327,PASS
F12,500,22,1021,12001222,30,500,-50.0,50.0,0.0,1.2019530920873676,17656184284.92432,1.2019530920873676,28.510282400005963,PASS
F12,500,23,1022,12001223,30,500,-50.0,50.0,0.0,1.2014091022486941,17026055964.742033,1.2014091022486941,28.394501299990225,PASS
F12,500,26,1025,12001226,30,500,-50.0,50.0,0.0,1.1914889538786575,17984896121.936417,1.1914889538786575,27.577195899997605,PASS
F12,500,28,1027,12001228,30,500,-50.0,50.0,0.0,1.2022317605974238,16828735476.375172,1.2022317605974238,27.695441999996547,PASS
F12,500,27,1026,12001227,30,500,-50.0,50.0,0.0,1.2021322810246713,16357961228.071573,1.2021322810246713,27.724958299993887,PASS
F12,500,25,1024,12001225,30,500,-50.0,50.0,0.0,1.2020447493220145,16901316179.737852,1.2020447493220145,27.93240340000193,PASS
F12,500,29,1028,12001229,30,500,-50.0,50.0,0.0,1.2018121231103813,17799025327.963657,1.2018121231103813,28.166751800003112,PASS
F13,500,1,1000,12001301,30,500,-50.0,50.0,0.0,49.900452552123284,31332325294.6904,49.900452552123284,28.32245469999907,PASS
F13,500,2,1001,12001302,30,500,-50.0,50.0,0.0,49.87391721461205,32794882066.16954,49.87391721461205,28.21692590000748,PASS
F12,500,30,1029,12001230,30,500,-50.0,50.0,0.0,1.2023095725038717,17769946654.860764,1.2023095725038717,28.588793699993403,PASS
F13,500,3,1002,12001303,30,500,-50.0,50.0,0.0,49.903607633858016,31845119244.87534,49.903607633858016,27.290489100007107,PASS
F13,500,5,1004,12001305,30,500,-50.0,50.0,0.0,49.889821909700075,31514769607.75092,49.889821909700075,27.863650899991626,PASS
F13,500,6,1005,12001306,30,500,-50.0,50.0,0.0,49.900787686536106,33124498648.475826,49.900787686536106,27.9888401000062,PASS
F13,500,4,1003,12001304,30,500,-50.0,50.0,0.0,49.900534910174876,33897843162.6815,49.900534910174876,28.157052900001872,PASS
F13,500,7,1006,12001307,30,500,-50.0,50.0,0.0,49.90066434637119,33343486866.81949,49.90066434637119,26.284481299997424,PASS
F13,500,8,1007,12001308,30,500,-50.0,50.0,0.0,49.81809225697251,31876552199.70987,49.81809225697251,26.67726890000631,PASS
F13,500,9,1008,12001309,30,500,-50.0,50.0,0.0,49.89147032015359,34428057271.16145,49.89147032015359,26.65650490000553,PASS
F13,500,10,1009,12001310,30,500,-50.0,50.0,0.0,49.87988180886035,32752572767.98297,49.87988180886035,26.52712439998868,PASS
F13,500,13,1012,12001313,30,500,-50.0,50.0,0.0,49.85588335864569,31720619097.408134,49.85588335864569,27.012799699994503,PASS
F13,500,11,1010,12001311,30,500,-50.0,50.0,0.0,49.69265013176104,31670228434.32766,49.69265013176104,27.29581140000664,PASS
F13,500,14,1013,12001314,30,500,-50.0,50.0,0.0,49.903080814210114,32939980853.438423,49.903080814210114,27.315022099995986,PASS
F13,500,12,1011,12001312,30,500,-50.0,50.0,0.0,49.87729412532318,33262588977.438274,49.87729412532318,27.426794000013615,PASS
F13,500,15,1014,12001315,30,500,-50.0,50.0,0.0,49.90682895120368,32812542064.62522,49.90682895120368,26.435813199990662,PASS
F13,500,18,1017,12001318,30,500,-50.0,50.0,0.0,49.90190135681728,33455209679.799934,49.90190135681728,26.178022599997348,PASS
F13,500,16,1015,12001316,30,500,-50.0,50.0,0.0,49.9001740506464,33225087982.91487,49.9001740506464,26.330967499990948,PASS
F13,500,17,1016,12001317,30,500,-50.0,50.0,0.0,49.89016312790051,32981704217.251633,49.89016312790051,26.33306669999729,PASS
F13,500,22,1021,12001322,30,500,-50.0,50.0,0.0,49.90069175059423,32350456408.1701,49.90069175059423,27.502774799999315,PASS
F13,500,20,1019,12001320,30,500,-50.0,50.0,0.0,49.90574859552363,32558615004.080406,49.90574859552363,27.5888993999979,PASS
F13,500,21,1020,12001321,30,500,-50.0,50.0,0.0,49.900502771344215,29757911824.574406,49.900502771344215,27.64920469999197,PASS
F13,500,19,1018,12001319,30,500,-50.0,50.0,0.0,49.85903589075278,32261970480.952793,49.85903589075278,28.044409100009943,PASS
F13,500,23,1022,12001323,30,500,-50.0,50.0,0.0,49.874499390590216,31135640636.765392,49.874499390590216,27.307772999993176,PASS
F13,500,25,1024,12001325,30,500,-50.0,50.0,0.0,49.863192371998196,30859040898.58839,49.863192371998196,27.26553919998696,PASS
F13,500,24,1023,12001324,30,500,-50.0,50.0,0.0,49.75624677072177,31762890732.657387,49.75624677072177,27.3768745999987,PASS
F13,500,26,1025,12001326,30,500,-50.0,50.0,0.0,49.87944993827989,32833423838.04924,49.87944993827989,27.344843500002753,PASS
F13,500,27,1026,12001327,30,500,-50.0,50.0,0.0,49.88536451155245,29889811751.953472,49.88536451155245,28.233946399996057,PASS
F13,500,29,1028,12001329,30,500,-50.0,50.0,0.0,49.8870101861987,32329695770.96522,49.8870101861987,28.23544089999632,PASS
F13,500,28,1027,12001328,30,500,-50.0,50.0,0.0,49.89065104169075,31070810504.216766,49.89065104169075,28.26773890000186,PASS
F13,500,30,1029,12001330,30,500,-50.0,50.0,0.0,49.900793732114614,32517344519.892685,49.900793732114614,28.4033427000104,PASS
