Function,Run,Seed,BestScore
F1,1,1000,0.0
F1,2,1001,0.0
F1,3,1002,0.0
F1,4,1003,0.0
F1,5,1004,0.0
F1,6,1005,0.0
F1,7,1006,0.0
F1,8,1007,0.0
F1,9,1008,0.0
F1,10,1009,0.0
F1,11,1010,0.0
F1,12,1011,0.0
F1,13,1012,0.0
F1,14,1013,0.0
F1,15,1014,0.0
F1,16,1015,0.0
F1,17,1016,0.0
F1,18,1017,0.0
F1,19,1018,0.0
F1,20,1019,0.0
F1,21,1020,0.0
F1,22,1021,0.0
F1,23,1022,0.0
F1,24,1023,0.0
F1,25,1024,0.0
F1,26,1025,0.0
F1,27,1026,0.0
F1,28,1027,0.0
F1,29,1028,0.0
F1,30,1029,0.0
F2,1,1000,0.0
F2,2,1001,0.0
F2,3,1002,0.0
F2,4,1003,0.0
F2,5,1004,0.0
F2,6,1005,0.0
F2,7,1006,0.0
F2,8,1007,0.0
F2,9,1008,0.0
F2,10,1009,0.0
F2,11,1010,0.0
F2,12,1011,0.0
F2,13,1012,0.0
F2,14,1013,0.0
F2,15,1014,0.0
F2,16,1015,0.0
F2,17,1016,0.0
F2,18,1017,0.0
F2,19,1018,0.0
F2,20,1019,0.0
F2,21,1020,0.0
F2,22,1021,0.0
F2,23,1022,0.0
F2,24,1023,0.0
F2,25,1024,0.0
F2,26,1025,0.0
F2,27,1026,0.0
F2,28,1027,0.0
F2,29,1028,0.0
F2,30,1029,0.0
F3,1,1000,0.0
F3,2,1001,0.0
F3,3,1002,0.0
F3,4,1003,0.0
F3,5,1004,0.0
F3,6,1005,0.0
F3,7,1006,0.0
F3,8,1007,0.0
F3,9,1008,0.0
F3,10,1009,0.0
F3,11,1010,0.0
F3,12,1011,0.0
F3,13,1012,0.0
F3,14,1013,0.0
F3,15,1014,0.0
F3,16,1015,0.0
F3,17,1016,0.0
F3,18,1017,0.0
F3,19,1018,0.0
F3,20,1019,0.0
F3,21,1020,0.0
F3,22,1021,0.0
F3,23,1022,0.0
F3,24,1023,0.0
F3,25,1024,0.0
F3,26,1025,0.0
F3,27,1026,0.0
F3,28,1027,0.0
F3,29,1028,0.0
F3,30,1029,0.0
F4,1,1000,0.0
F4,2,1001,0.0
F4,3,1002,0.0
F4,4,1003,0.0
F4,5,1004,0.0
F4,6,1005,0.0
F4,7,1006,0.0
F4,8,1007,0.0
F4,9,1008,0.0
F4,10,1009,0.0
F4,11,1010,0.0
F4,12,1011,0.0
F4,13,1012,0.0
F4,14,1013,0.0
F4,15,1014,0.0
F4,16,1015,0.0
F4,17,1016,0.0
F4,18,1017,0.0
F4,19,1018,0.0
F4,20,1019,0.0
F4,21,1020,0.0
F4,22,1021,0.0
F4,23,1022,0.0
F4,24,1023,0.0
F4,25,1024,0.0
F4,26,1025,0.0
F4,27,1026,0.0
F4,28,1027,0.0
F4,29,1028,0.0
F4,30,1029,0.0
F5,1,1000,28.02289834298946
F5,2,1001,28.64230324415114
F5,3,1002,26.711592204135197
F5,4,1003,28.826214399504863
F5,5,1004,28.804681130685424
F5,6,1005,27.98605481071288
F5,7,1006,28.824510933652114
F5,8,1007,27.999375551779824
F5,9,1008,27.984903150885547
F5,10,1009,28.04127944557301
F5,11,1010,26.056079496446586
F5,12,1011,28.657622386729578
F5,13,1012,28.98419468962295
F5,14,1013,28.771111277971574
F5,15,1014,27.97953504492064
F5,16,1015,27.14249923293043
F5,17,1016,27.233797922112245
F5,18,1017,28.859025130353995
F5,19,1018,28.866596212968567
F5,20,1019,28.595332426036578
F5,21,1020,28.809137028708275
F5,22,1021,28.77121654341793
F5,23,1022,28.00551703205017
F5,24,1023,28.856542727366655
F5,25,1024,28.919085956738325
F5,26,1025,28.771134544765356
F5,27,1026,28.09403720117838
F5,28,1027,28.66345701966568
F5,29,1028,27.98136697764828
F5,30,1029,28.65815052394188
F6,1,1000,0.0074982424578407085
F6,2,1001,0.08456744454184119
F6,3,1002,0.04027379153814443
F6,4,1003,9.254089880824617e-06
F6,5,1004,0.00018198416279354167
F6,6,1005,0.0015475686600199517
F6,7,1006,0.016405333041355066
F6,8,1007,0.20546921029196888
F6,9,1008,0.0022974956375061578
F6,10,1009,0.010976554063976532
F6,11,1010,0.03504463565085693
F6,12,1011,1.6687165379949482e-05
F6,13,1012,0.08513224010176054
F6,14,1013,2.7956258237024305
F6,15,1014,0.18561222657254603
F6,16,1015,0.005377956466438263
F6,17,1016,0.10121694809792026
F6,18,1017,0.05686270462951404
F6,19,1018,2.5154857621927746
F6,20,1019,0.07570082879838462
F6,21,1020,0.239810138498245
F6,22,1021,1.0279552726750343
F6,23,1022,0.010255159892258992
F6,24,1023,0.0126101411100778
F6,25,1024,0.12339402054556625
F6,26,1025,0.0001381972249544667
F6,27,1026,1.460568077678792
F6,28,1027,0.00016389198797782617
F6,29,1028,0.04069882332065303
F6,30,1029,0.0333922067280193
F7,1,1000,6.512342197706467e-05
F7,2,1001,3.497926205575652e-06
F7,3,1002,6.277781600261267e-05
F7,4,1003,2.3267848703323324e-07
F7,5,1004,0.00034155375686639733
F7,6,1005,0.0002625318405075072
F7,7,1006,0.00019410972710587338
F7,8,1007,5.986885048159252e-05
F7,9,1008,3.820175144486626e-05
F7,10,1009,3.4176914799122216e-05
F7,11,1010,1.8683964698729127e-06
F7,12,1011,4.040178046438303e-05
F7,13,1012,8.205746361378274e-05
F7,14,1013,5.592050241587376e-05
F7,15,1014,3.3325410543461054e-05
F7,16,1015,0.00010446701993982455
F7,17,1016,0.00011750150925760039
F7,18,1017,2.190782093147714e-05
F7,19,1018,3.4291540939035414e-05
F7,20,1019,0.00018931776422059787
F7,21,1020,2.33145236642196e-05
F7,22,1021,0.0002784768238276447
F7,23,1022,7.551369643632455e-05
F7,24,1023,2.8874978539317198e-06
F7,25,1024,0.00015548457954661643
F7,26,1025,2.2953092788102758e-05
F7,27,1026,0.0001735408391754234
F7,28,1027,4.2839440301589704e-05
F7,29,1028,5.404574280221119e-06
F7,30,1029,0.000265444188816355
F8,1,1000,-5916.111608252059
F8,2,1001,-5299.129330283743
F8,3,1002,-5143.470475311304
F8,4,1003,-5224.854867688941
F8,5,1004,-9011.82418254059
F8,6,1005,-12566.523058977185
F8,7,1006,-8198.825807991818
F8,8,1007,-8324.734630918814
F8,9,1008,-5828.450528089993
F8,10,1009,-6026.841758672336
F8,11,1010,-5036.739629222879
F8,12,1011,-5465.931590285008
F8,13,1012,-5758.444035915574
F8,14,1013,-12169.502671241851
F8,15,1014,-4597.617752086166
F8,16,1015,-6053.85871163641
F8,17,1016,-8519.109230328602
F8,18,1017,-12539.92340874144
F8,19,1018,-4773.656853662034
F8,20,1019,-4797.520034485214
F8,21,1020,-5336.334182380505
F8,22,1021,-5615.930040884717
F8,23,1022,-5435.609070757398
F8,24,1023,-12569.042163397447
F8,25,1024,-7821.683384483051
F8,26,1025,-9003.305327375001
F8,27,1026,-4098.901904184803
F8,28,1027,-12566.000560701854
F8,29,1028,-8572.93569680741
F8,30,1029,-7647.826709347266
F9,1,1000,0.0
F9,2,1001,0.0
F9,3,1002,0.0
F9,4,1003,0.0
F9,5,1004,0.0
F9,6,1005,0.0
F9,7,1006,0.0
F9,8,1007,0.0
F9,9,1008,0.0
F9,10,1009,0.0
F9,11,1010,0.0
F9,12,1011,0.0
F9,13,1012,0.0
F9,14,1013,0.0
F9,15,1014,0.0
F9,16,1015,0.0
F9,17,1016,0.0
F9,18,1017,0.0
F9,19,1018,0.0
F9,20,1019,0.0
F9,21,1020,0.0
F9,22,1021,0.0
F9,23,1022,0.0
F9,24,1023,0.0
F9,25,1024,0.0
F9,26,1025,0.0
F9,27,1026,0.0
F9,28,1027,0.0
F9,29,1028,0.0
F9,30,1029,0.0
F10,1,1000,4.440892098500626e-16
F10,2,1001,4.440892098500626e-16
F10,3,1002,4.440892098500626e-16
F10,4,1003,4.440892098500626e-16
F10,5,1004,4.440892098500626e-16
F10,6,1005,4.440892098500626e-16
F10,7,1006,4.440892098500626e-16
F10,8,1007,4.440892098500626e-16
F10,9,1008,4.440892098500626e-16
F10,10,1009,4.440892098500626e-16
F10,11,1010,4.440892098500626e-16
F10,12,1011,4.440892098500626e-16
F10,13,1012,4.440892098500626e-16
F10,14,1013,4.440892098500626e-16
F10,15,1014,4.440892098500626e-16
F10,16,1015,4.440892098500626e-16
F10,17,1016,4.440892098500626e-16
F10,18,1017,4.440892098500626e-16
F10,19,1018,4.440892098500626e-16
F10,20,1019,4.440892098500626e-16
F10,21,1020,4.440892098500626e-16
F10,22,1021,4.440892098500626e-16
F10,23,1022,4.440892098500626e-16
F10,24,1023,4.440892098500626e-16
F10,25,1024,4.440892098500626e-16
F10,26,1025,4.440892098500626e-16
F10,27,1026,4.440892098500626e-16
F10,28,1027,4.440892098500626e-16
F10,29,1028,4.440892098500626e-16
F10,30,1029,4.440892098500626e-16
F11,1,1000,0.0
F11,2,1001,0.0
F11,3,1002,0.0
F11,4,1003,0.0
F11,5,1004,0.0
F11,6,1005,0.0
F11,7,1006,0.0
F11,8,1007,0.0
F11,9,1008,0.0
F11,10,1009,0.0
F11,11,1010,0.0
F11,12,1011,0.0
F11,13,1012,0.0
F11,14,1013,0.0
F11,15,1014,0.0
F11,16,1015,0.0
F11,17,1016,0.0
F11,18,1017,0.0
F11,19,1018,0.0
F11,20,1019,0.0
F11,21,1020,0.0
F11,22,1021,0.0
F11,23,1022,0.0
F11,24,1023,0.0
F11,25,1024,0.0
F11,26,1025,0.0
F11,27,1026,0.0
F11,28,1027,0.0
F11,29,1028,0.0
F11,30,1029,0.0
F12,1,1000,0.9771383198629738
F12,2,1001,6.799103033551841e-07
F12,3,1002,0.3577963134314382
F12,4,1003,6.57852281004802e-07
F12,5,1004,1.099097792703884e-08
F12,6,1005,3.7118586703262704e-07
F12,7,1006,1.602113482030724
F12,8,1007,1.2906985056190857e-07
F12,9,1008,4.5110129269927665e-08
F12,10,1009,8.319798285484114e-07
F12,11,1010,0.2419446626829097
F12,12,1011,0.6280168253573238
F12,13,1012,1.664791221539994e-07
F12,14,1013,4.121896566803629e-07
F12,15,1014,0.3884077372590731
F12,16,1015,1.7249658554023327e-06
F12,17,1016,2.4508597262262492e-09
F12,18,1017,0.49024863865770846
F12,19,1018,1.485717242777568e-06
F12,20,1019,5.574349176236166e-07
F12,21,1020,1.6398681756583835e-08
F12,22,1021,1.1730331775248527e-06
F12,23,1022,1.1147370210949457
F12,24,1023,1.4679549257424194
F12,25,1024,0.16084187286338059
F12,26,1025,0.28630822008342205
F12,27,1026,0.623703644823954
F12,28,1027,1.927674063100537e-06
F12,29,1028,3.545720779068501e-07
F12,30,1029,1.6326186534502125e-08
F13,1,1000,1.34175066917003
F13,2,1001,4.371570325257722e-07
F13,3,1002,1.807149159373985
F13,4,1003,1.9297900706728752
F13,5,1004,2.039577933391475
F13,6,1005,1.6120592261742028e-05
F13,7,1006,9.362740038197197e-06
F13,8,1007,1.9595874285291601
F13,9,1008,1.4590016124201266
F13,10,1009,2.021472618815769
F13,11,1010,2.047692633712449
F13,12,1011,1.8266818659946982
F13,13,1012,1.5908675725022805
F13,14,1013,1.262517796233036e-05
F13,15,1014,2.224446254455955
F13,16,1015,1.7053044544059865
F13,17,1016,2.122001616553716
F13,18,1017,1.427470895374975e-07
F13,19,1018,5.505090673711545e-06
F13,20,1019,1.8036089506423167
F13,21,1020,3.445888525876034e-06
F13,22,1021,2.4498410927443603
F13,23,1022,2.7099369146096586
F13,24,1023,1.4975507495198487e-06
F13,25,1024,1.3807891549551436
F13,26,1025,0.32001957518387547
F13,27,1026,0.11244240431058634
F13,28,1027,2.3707474990833037
F13,29,1028,2.914760975937687
F13,30,1029,2.3575857864726415
F14,1,1000,2.982105156817547
F14,2,1001,0.9980038378331403
F14,3,1002,2.9821051568169095
F14,4,1003,0.998003837821114
F14,5,1004,0.9980038387736196
F14,6,1005,2.982105156827029
F14,7,1006,0.9980038379975842
F14,8,1007,12.670505811135556
F14,9,1008,0.998003837844664
F14,10,1009,2.9821051568172185
F14,11,1010,2.982105156816826
F14,12,1011,0.9980038378495686
F14,13,1012,2.9821051568191552
F14,14,1013,12.670505811135616
F14,15,1014,0.9980038377956877
F14,16,1015,0.9980038380974642
F14,17,1016,0.9980038378654076
F14,18,1017,0.998003838110943
F14,19,1018,0.9980038378451731
F14,20,1019,2.982105156824213
F14,21,1020,12.670505811135556
F14,22,1021,2.9821051568240033
F14,23,1022,2.9821051568195713
F14,24,1023,0.998003838006089
F14,25,1024,12.670505811135914
F14,26,1025,0.9980038378227115
F14,27,1026,12.670505811135556
F14,28,1027,0.9980038382938468
F14,29,1028,0.9980038379139219
F14,30,1029,0.9980038378245987
F15,1,1000,0.00031109030961344315
F15,2,1001,0.0003771212160948164
F15,3,1002,0.00032716696100604524
F15,4,1003,0.0003077648582130732
F15,5,1004,0.00034501573499012784
F15,6,1005,0.0003156600932456953
F15,7,1006,0.0003090816593850879
F15,8,1007,0.0003200962070349822
F15,9,1008,0.0003507883853272028
F15,10,1009,0.0003714194062979634
F15,11,1010,0.0003110745384443597
F15,12,1011,0.0003201108793848534
F15,13,1012,0.00032898852095971764
F15,14,1013,0.0003199770115845414
F15,15,1014,0.0003092821591257364
F15,16,1015,0.00032283014938513227
F15,17,1016,0.0003207559695708396
F15,18,1017,0.00034547670066366104
F15,19,1018,0.00031627502984715
F15,20,1019,0.0003090590555138007
F15,21,1020,0.0003351055250981562
F15,22,1021,0.0003095693142993942
F15,23,1022,0.00032150996393089803
F15,24,1023,0.00034722720280442183
F15,25,1024,0.00031209974122651076
F15,26,1025,0.0003418769104068499
F15,27,1026,0.000331924287031793
F15,28,1027,0.0003161531964757354
F15,29,1028,0.0003239854218433025
F15,30,1029,0.000334121436335362
F16,1,1000,-1.0316284272897738
F16,2,1001,-1.0316284487690994
F16,3,1002,-1.0316284482177687
F16,4,1003,-1.0316284451046218
F16,5,1004,-1.0316284063162042
F16,6,1005,-1.0316284140677152
F16,7,1006,-1.0316284528078135
F16,8,1007,-1.0316284121481158
F16,9,1008,-1.0316284477123032
F16,10,1009,-1.0316284525647084
F16,11,1010,-1.0316284483250429
F16,12,1011,-1.031628434608291
F16,13,1012,-1.031628434657109
F16,14,1013,-1.0316284384462922
F16,15,1014,-1.0316284288414346
F16,16,1015,-1.031628362842282
F16,17,1016,-1.0316284491950556
F16,18,1017,-1.0316284223912828
F16,19,1018,-1.031628450496936
F16,20,1019,-1.0316284095113644
F16,21,1020,-1.0316283570820304
F16,22,1021,-1.0316284466677093
F16,23,1022,-1.0316284418603903
F16,24,1023,-1.031628452350645
F16,25,1024,-1.031628417116272
F16,26,1025,-1.0316284384408105
F16,27,1026,-1.031628420602362
F16,28,1027,-1.0316284427374032
F16,29,1028,-1.0316284405149527
F16,30,1029,-1.0316284102071556
F17,1,1000,0.3978919219023709
F17,2,1001,0.39789845819345615
F17,3,1002,0.39788752478497535
F17,4,1003,0.3978894125287109
F17,5,1004,0.3978894782609572
F17,6,1005,0.39788885590573564
F17,7,1006,0.3978904827747094
F17,8,1007,0.3978936892686029
F17,9,1008,0.3978890527876242
F17,10,1009,0.3978895431317575
F17,11,1010,0.39788842473253716
F17,12,1011,0.39788801706879795
F17,13,1012,0.3978956232276971
F17,14,1013,0.39788792517462745
F17,15,1014,0.39788743113709835
F17,16,1015,0.3978925805633988
F17,17,1016,0.39788764344126015
F17,18,1017,0.3978923143602202
F17,19,1018,0.39788761235926806
F17,20,1019,0.3978908012657083
F17,21,1020,0.39788785410452476
F17,22,1021,0.3978976479987466
F17,23,1022,0.39788859080958794
F17,24,1023,0.39788846714807136
F17,25,1024,0.39789107067902485
F17,26,1025,0.3978874719719592
F17,27,1026,0.3978874713519289
F17,28,1027,0.39789243470912083
F17,29,1028,0.39789117142547425
F17,30,1029,0.39789097890801983
F18,1,1000,3.0000012832542775
F18,2,1001,26.117364264666744
F18,3,1002,3.0000038639196873
F18,4,1003,3.0000006716492176
F18,5,1004,3.0000056855826154
F18,6,1005,3.0000013169552573
F18,7,1006,3.0000010138812856
F18,8,1007,3.0000014190173667
F18,9,1008,3.0000025113901727
F18,10,1009,3.0000028460265447
F18,11,1010,3.0000000248123007
F18,12,1011,3.0000060734678824
F18,13,1012,3.000003608925867
F18,14,1013,3.000000183795193
F18,15,1014,3.0000002877418437
F18,16,1015,3.146796482872686
F18,17,1016,3.0000023743317272
F18,18,1017,3.000001436885652
F18,19,1018,3.0000005782451393
F18,20,1019,3.000007557405683
F18,21,1020,84.00012105996721
F18,22,1021,3.000000059526437
F18,23,1022,23.294935594494458
F18,24,1023,3.000009163157706
F18,25,1024,3.0000001868331845
F18,26,1025,3.0000023448934945
F18,27,1026,3.000002595706859
F18,28,1027,3.0000001982914593
F18,29,1028,15.899742196766251
F18,30,1029,3.0000000138307645
F19,1,1000,-3.862756729066003
F19,2,1001,-3.862774006652789
F19,3,1002,-3.8627722618011524
F19,4,1003,-3.862776291681777
F19,5,1004,-3.8557704591791175
F19,6,1005,-3.862778690862135
F19,7,1006,-3.862772384561466
F19,8,1007,-3.8627760090145493
F19,9,1008,-3.862773397821849
F19,10,1009,-3.862774107454193
F19,11,1010,-3.858931993160069
F19,12,1011,-3.8627702581322936
F19,13,1012,-3.8627633076193377
F19,14,1013,-3.8627775836575204
F19,15,1014,-3.862772828624433
F19,16,1015,-3.862767128883806
F19,17,1016,-3.862772928270297
F19,18,1017,-3.855007994901402
F19,19,1018,-3.862775850850832
F19,20,1019,-3.862767617376206
F19,21,1020,-3.8627797611179417
F19,22,1021,-3.8627663099560037
F19,23,1022,-3.8627791298764005
F19,24,1023,-3.8549007510179267
F19,25,1024,-3.862776810302285
F19,26,1025,-3.8627676502283643
F19,27,1026,-3.8627775935349327
F19,28,1027,-3.8627758043906657
F19,29,1028,-3.862776870496603
F19,30,1029,-3.8627734954370285
F20,1,1000,-3.3221333126080093
F20,2,1001,-3.3220451621797573
F20,3,1002,-3.19726059634143
F20,4,1003,-3.32207179831207
F20,5,1004,-3.09894955053293
F20,6,1005,-3.137642264173468
F20,7,1006,-3.322044679702829
F20,8,1007,-3.3219157323740816
F20,9,1008,-3.2028818308208926
F20,10,1009,-3.2017096612353004
F20,11,1010,-3.3215315965162935
F20,12,1011,-3.2025958223585724
F20,13,1012,-3.3219847391109196
F20,14,1013,-3.202368044937583
F20,15,1014,-3.203032171199977
F20,16,1015,-3.3217037861301315
F20,17,1016,-3.3217892668861886
F20,18,1017,-3.32148238497215
F20,19,1018,-3.3220755265925157
F20,20,1019,-3.3217968580447113
F20,21,1020,-3.321468960446603
F20,22,1021,-3.322020830135588
F20,23,1022,-3.2019460133036564
F20,24,1023,-3.3216905523207885
F20,25,1024,-3.3218030457735375
F20,26,1025,-3.0768526050382383
F20,27,1026,-3.2030655784863313
F20,28,1027,-3.321545331168344
F20,29,1028,-3.3219824295562024
F20,30,1029,-3.322075692241015
F21,1,1000,-10.15181388097951
F21,2,1001,-5.100403777159541
F21,3,1002,-5.05514902826489
F21,4,1003,-5.087930317317617
F21,5,1004,-10.14886730620895
F21,6,1005,-10.146829542319757
F21,7,1006,-10.150912248727902
F21,8,1007,-5.055195884766155
F21,9,1008,-10.152961960400114
F21,10,1009,-10.14538870375721
F21,11,1010,-10.150964767743666
F21,12,1011,-10.153080994377996
F21,13,1012,-10.132485564514207
F21,14,1013,-10.148258813780792
F21,15,1014,-10.153169470239364
F21,16,1015,-10.145658026052999
F21,17,1016,-10.15282921469298
F21,18,1017,-5.100756947432291
F21,19,1018,-10.132235282943709
F21,20,1019,-5.0786434265422535
F21,21,1020,-10.151792638935408
F21,22,1021,-10.14425215272095
F21,23,1022,-5.098808617125165
F21,24,1023,-10.141800937745518
F21,25,1024,-10.151975624419359
F21,26,1025,-10.135814096178464
F21,27,1026,-10.152223449294778
F21,28,1027,-10.153141793526629
F21,29,1028,-10.1531965737984
F21,30,1029,-5.0551862616753445
F22,1,1000,-10.402577818901236
F22,2,1001,-10.39528037335725
F22,3,1002,-5.087670078838081
F22,4,1003,-5.11587161877121
F22,5,1004,-10.377638835798521
F22,6,1005,-10.398779522651136
F22,7,1006,-10.402597656689652
F22,8,1007,-5.087671352320769
F22,9,1008,-10.40017380217571
F22,10,1009,-10.395519851034939
F22,11,1010,-10.400845384157781
F22,12,1011,-10.384317575527486
F22,13,1012,-10.38319095804468
F22,14,1013,-10.39452376071502
F22,15,1014,-10.402842392845315
F22,16,1015,-10.39635362728027
F22,17,1016,-10.402564093469923
F22,18,1017,-10.400950910281749
F22,19,1018,-10.383069406033679
F22,20,1019,-5.106688764079738
F22,21,1020,-10.398519746004629
F22,22,1021,-10.396805287380438
F22,23,1022,-5.126812487084918
F22,24,1023,-10.373861936609407
F22,25,1024,-10.389409810848468
F22,26,1025,-5.087660083802324
F22,27,1026,-10.401840803234014
F22,28,1027,-10.400308627212548
F22,29,1028,-10.39617461647716
F22,30,1029,-10.40226489534085
F23,1,1000,-10.536069622903003
F23,2,1001,-10.535789744807133
F23,3,1002,-5.128480402474645
F23,4,1003,-10.531844023100563
F23,5,1004,-10.53607372259214
F23,6,1005,-10.530053938047631
F23,7,1006,-10.534693424166761
F23,8,1007,-10.518683003223622
F23,9,1008,-10.533616986048665
F23,10,1009,-10.533503222899935
F23,11,1010,-10.532878759180415
F23,12,1011,-2.869743421841286
F23,13,1012,-10.517266076011486
F23,14,1013,-10.53626654051532
F23,15,1014,-10.527411750258208
F23,16,1015,-5.172989403508962
F23,17,1016,-10.536086032678085
F23,18,1017,-10.534426635229739
F23,19,1018,-10.516397458453977
F23,20,1019,-5.153562557853562
F23,21,1020,-10.531743878394096
F23,22,1021,-10.530579988870993
F23,23,1022,-10.536244729131111
F23,24,1023,-2.870207034633126
F23,25,1024,-5.170409214032295
F23,26,1025,-10.534422081539457
F23,27,1026,-5.175033215510491
F23,28,1027,-10.533596420508427
F23,29,1028,-10.533091714987018
F23,30,1029,-10.529524496039759
